run_id,benchmark,method,noise_type,noise_rate,seed,bin_center,bin_acc,bin_conf,bin_count
cifar10n_taskil__c10n_aggre__derpp__seed0,cifar10n_taskil,derpp,cifar10n:aggre,0.086,0,0.03333333333333333,,,0
cifar10n_taskil__c10n_aggre__derpp__seed0,cifar10n_taskil,derpp,cifar10n:aggre,0.086,0,0.1,,,0
cifar10n_taskil__c10n_aggre__derpp__seed0,cifar10n_taskil,derpp,cifar10n:aggre,0.086,0,0.16666666666666669,,,0
cifar10n_taskil__c10n_aggre__derpp__seed0,cifar10n_taskil,derpp,cifar10n:aggre,0.086,0,0.23333333333333334,,,0
cifar10n_taskil__c10n_aggre__derpp__seed0,cifar10n_taskil,derpp,cifar10n:aggre,0.086,0,0.3,,,0
cifar10n_taskil__c10n_aggre__derpp__seed0,cifar10n_taskil,derpp,cifar10n:aggre,0.086,0,0.3666666666666667,,,0
cifar10n_taskil__c10n_aggre__derpp__seed0,cifar10n_taskil,derpp,cifar10n:aggre,0.086,0,0.43333333333333335,,,0
cifar10n_taskil__c10n_aggre__derpp__seed0,cifar10n_taskil,derpp,cifar10n:aggre,0.086,0,0.5,0.506993006993007,0.516005855340224,286
cifar10n_taskil__c10n_aggre__derpp__seed0,cifar10n_taskil,derpp,cifar10n:aggre,0.086,0,0.5666666666666667,0.5487804878048781,0.5674658613960918,574
cifar10n_taskil__c10n_aggre__derpp__seed0,cifar10n_taskil,derpp,cifar10n:aggre,0.086,0,0.6333333333333333,0.6456953642384106,0.6335896196349567,604
cifar10n_taskil__c10n_aggre__derpp__seed0,cifar10n_taskil,derpp,cifar10n:aggre,0.086,0,0.7,0.7206349206349206,0.7000187186021654,630
cifar10n_taskil__c10n_aggre__derpp__seed0,cifar10n_taskil,derpp,cifar10n:aggre,0.086,0,0.7666666666666666,0.7507418397626113,0.7669811165651157,674
cifar10n_taskil__c10n_aggre__derpp__seed0,cifar10n_taskil,derpp,cifar10n:aggre,0.086,0,0.8333333333333334,0.8396846254927727,0.8334140942068513,761
cifar10n_taskil__c10n_aggre__derpp__seed0,cifar10n_taskil,derpp,cifar10n:aggre,0.086,0,0.9,0.9076923076923077,0.9005038950826738,715
cifar10n_taskil__c10n_aggre__derpp__seed0,cifar10n_taskil,derpp,cifar10n:aggre,0.086,0,0.9666666666666667,0.9695767195767195,0.9641935050329834,756
cifar10n_taskil__c10n_aggre__derpp__seed1,cifar10n_taskil,derpp,cifar10n:aggre,0.09,1,0.03333333333333333,,,0
cifar10n_taskil__c10n_aggre__derpp__seed1,cifar10n_taskil,derpp,cifar10n:aggre,0.09,1,0.1,,,0
cifar10n_taskil__c10n_aggre__derpp__seed1,cifar10n_taskil,derpp,cifar10n:aggre,0.09,1,0.16666666666666669,,,0
cifar10n_taskil__c10n_aggre__derpp__seed1,cifar10n_taskil,derpp,cifar10n:aggre,0.09,1,0.23333333333333334,,,0
cifar10n_taskil__c10n_aggre__derpp__seed1,cifar10n_taskil,derpp,cifar10n:aggre,0.09,1,0.3,,,0
cifar10n_taskil__c10n_aggre__derpp__seed1,cifar10n_taskil,derpp,cifar10n:aggre,0.09,1,0.3666666666666667,,,0
cifar10n_taskil__c10n_aggre__derpp__seed1,cifar10n_taskil,derpp,cifar10n:aggre,0.09,1,0.43333333333333335,,,0
cifar10n_taskil__c10n_aggre__derpp__seed1,cifar10n_taskil,derpp,cifar10n:aggre,0.09,1,0.5,0.519298245614035,0.5159203755228143,285
cifar10n_taskil__c10n_aggre__derpp__seed1,cifar10n_taskil,derpp,cifar10n:aggre,0.09,1,0.5666666666666667,0.537842190016103,0.5660253924448133,621
cifar10n_taskil__c10n_aggre__derpp__seed1,cifar10n_taskil,derpp,cifar10n:aggre,0.09,1,0.6333333333333333,0.6314102564102564,0.6317440490118968,624
cifar10n_taskil__c10n_aggre__derpp__seed1,cifar10n_taskil,derpp,cifar10n:aggre,0.09,1,0.7,0.6779964221824687,0.7005371987713044,559
cifar10n_taskil__c10n_aggre__derpp__seed1,cifar10n_taskil,derpp,cifar10n:aggre,0.09,1,0.7666666666666666,0.7442622950819672,0.7654221821026724,610
cifar10n_taskil__c10n_aggre__derpp__seed1,cifar10n_taskil,derpp,cifar10n:aggre,0.09,1,0.8333333333333334,0.8538461538461538,0.8348416081758646,650
cifar10n_taskil__c10n_aggre__derpp__seed1,cifar10n_taskil,derpp,cifar10n:aggre,0.09,1,0.9,0.935251798561151,0.9012046988919484,695
cifar10n_taskil__c10n_aggre__derpp__seed1,cifar10n_taskil,derpp,cifar10n:aggre,0.09,1,0.9666666666666667,0.9843096234309623,0.9696547865368831,956
cifar10n_taskil__c10n_aggre__derpp__seed2,cifar10n_taskil,derpp,cifar10n:aggre,0.092,2,0.03333333333333333,,,0
cifar10n_taskil__c10n_aggre__derpp__seed2,cifar10n_taskil,derpp,cifar10n:aggre,0.092,2,0.1,,,0
cifar10n_taskil__c10n_aggre__derpp__seed2,cifar10n_taskil,derpp,cifar10n:aggre,0.092,2,0.16666666666666669,,,0
cifar10n_taskil__c10n_aggre__derpp__seed2,cifar10n_taskil,derpp,cifar10n:aggre,0.092,2,0.23333333333333334,,,0
cifar10n_taskil__c10n_aggre__derpp__seed2,cifar10n_taskil,derpp,cifar10n:aggre,0.092,2,0.3,,,0
cifar10n_taskil__c10n_aggre__derpp__seed2,cifar10n_taskil,derpp,cifar10n:aggre,0.092,2,0.3666666666666667,,,0
cifar10n_taskil__c10n_aggre__derpp__seed2,cifar10n_taskil,derpp,cifar10n:aggre,0.092,2,0.43333333333333335,,,0
cifar10n_taskil__c10n_aggre__derpp__seed2,cifar10n_taskil,derpp,cifar10n:aggre,0.092,2,0.5,0.5059880239520959,0.5175066172719716,334
cifar10n_taskil__c10n_aggre__derpp__seed2,cifar10n_taskil,derpp,cifar10n:aggre,0.092,2,0.5666666666666667,0.5397111913357401,0.5661106312963506,554
cifar10n_taskil__c10n_aggre__derpp__seed2,cifar10n_taskil,derpp,cifar10n:aggre,0.092,2,0.6333333333333333,0.6266447368421053,0.6336833594464942,608
cifar10n_taskil__c10n_aggre__derpp__seed2,cifar10n_taskil,derpp,cifar10n:aggre,0.092,2,0.7,0.7191558441558441,0.7007529841034443,616
cifar10n_taskil__c10n_aggre__derpp__seed2,cifar10n_taskil,derpp,cifar10n:aggre,0.092,2,0.7666666666666666,0.8264984227129337,0.7673015047323064,634
cifar10n_taskil__c10n_aggre__derpp__seed2,cifar10n_taskil,derpp,cifar10n:aggre,0.092,2,0.8333333333333334,0.8549382716049383,0.83269060789435,648
cifar10n_taskil__c10n_aggre__derpp__seed2,cifar10n_taskil,derpp,cifar10n:aggre,0.092,2,0.9,0.9317851959361393,0.9010166893503663,689
cifar10n_taskil__c10n_aggre__derpp__seed2,cifar10n_taskil,derpp,cifar10n:aggre,0.092,2,0.9666666666666667,0.9792802617230099,0.9708920292791909,917
cifar10n_taskil__c10n_aggre__derpp__seed3,cifar10n_taskil,derpp,cifar10n:aggre,0.089,3,0.03333333333333333,,,0
cifar10n_taskil__c10n_aggre__derpp__seed3,cifar10n_taskil,derpp,cifar10n:aggre,0.089,3,0.1,,,0
cifar10n_taskil__c10n_aggre__derpp__seed3,cifar10n_taskil,derpp,cifar10n:aggre,0.089,3,0.16666666666666669,,,0
cifar10n_taskil__c10n_aggre__derpp__seed3,cifar10n_taskil,derpp,cifar10n:aggre,0.089,3,0.23333333333333334,,,0
cifar10n_taskil__c10n_aggre__derpp__seed3,cifar10n_taskil,derpp,cifar10n:aggre,0.089,3,0.3,,,0
cifar10n_taskil__c10n_aggre__derpp__seed3,cifar10n_taskil,derpp,cifar10n:aggre,0.089,3,0.3666666666666667,,,0
cifar10n_taskil__c10n_aggre__derpp__seed3,cifar10n_taskil,derpp,cifar10n:aggre,0.089,3,0.43333333333333335,,,0
cifar10n_taskil__c10n_aggre__derpp__seed3,cifar10n_taskil,derpp,cifar10n:aggre,0.089,3,0.5,0.5573770491803278,0.5167310310191795,305
cifar10n_taskil__c10n_aggre__derpp__seed3,cifar10n_taskil,derpp,cifar10n:aggre,0.089,3,0.5666666666666667,0.5462822458270106,0.5665941905902984,659
cifar10n_taskil__c10n_aggre__derpp__seed3,cifar10n_taskil,derpp,cifar10n:aggre,0.089,3,0.6333333333333333,0.6422487223168655,0.6329301557102236,587
cifar10n_taskil__c10n_aggre__derpp__seed3,cifar10n_taskil,derpp,cifar10n:aggre,0.089,3,0.7,0.7049924357034796,0.7009613594200896,661
cifar10n_taskil__c10n_aggre__derpp__seed3,cifar10n_taskil,derpp,cifar10n:aggre,0.089,3,0.7666666666666666,0.7703125,0.7657524690963328,640
cifar10n_taskil__c10n_aggre__derpp__seed3,cifar10n_taskil,derpp,cifar10n:aggre,0.089,3,0.8333333333333334,0.8481751824817518,0.8326377189072379,685
cifar10n_taskil__c10n_aggre__derpp__seed3,cifar10n_taskil,derpp,cifar10n:aggre,0.089,3,0.9,0.9038737446197992,0.8981465510863655,697
cifar10n_taskil__c10n_aggre__derpp__seed3,cifar10n_taskil,derpp,cifar10n:aggre,0.089,3,0.9666666666666667,0.9490861618798956,0.9676413091760392,766
cifar10n_taskil__c10n_aggre__derpp__seed4,cifar10n_taskil,derpp,cifar10n:aggre,0.088,4,0.03333333333333333,,,0
cifar10n_taskil__c10n_aggre__derpp__seed4,cifar10n_taskil,derpp,cifar10n:aggre,0.088,4,0.1,,,0
cifar10n_taskil__c10n_aggre__derpp__seed4,cifar10n_taskil,derpp,cifar10n:aggre,0.088,4,0.16666666666666669,,,0
cifar10n_taskil__c10n_aggre__derpp__seed4,cifar10n_taskil,derpp,cifar10n:aggre,0.088,4,0.23333333333333334,,,0
cifar10n_taskil__c10n_aggre__derpp__seed4,cifar10n_taskil,derpp,cifar10n:aggre,0.088,4,0.3,,,0
cifar10n_taskil__c10n_aggre__derpp__seed4,cifar10n_taskil,derpp,cifar10n:aggre,0.088,4,0.3666666666666667,,,0
cifar10n_taskil__c10n_aggre__derpp__seed4,cifar10n_taskil,derpp,cifar10n:aggre,0.088,4,0.43333333333333335,,,0
cifar10n_taskil__c10n_aggre__derpp__seed4,cifar10n_taskil,derpp,cifar10n:aggre,0.088,4,0.5,0.48872180451127817,0.5165985128037015,266
cifar10n_taskil__c10n_aggre__derpp__seed4,cifar10n_taskil,derpp,cifar10n:aggre,0.088,4,0.5666666666666667,0.5794066317626527,0.5665599176396874,573
cifar10n_taskil__c10n_aggre__derpp__seed4,cifar10n_taskil,derpp,cifar10n:aggre,0.088,4,0.6333333333333333,0.6338028169014085,0.6329703465313978,568
cifar10n_taskil__c10n_aggre__derpp__seed4,cifar10n_taskil,derpp,cifar10n:aggre,0.088,4,0.7,0.714041095890411,0.7000684121700183,584
cifar10n_taskil__c10n_aggre__derpp__seed4,cifar10n_taskil,derpp,cifar10n:aggre,0.088,4,0.7666666666666666,0.8165413533834587,0.767998787155725,665
cifar10n_taskil__c10n_aggre__derpp__seed4,cifar10n_taskil,derpp,cifar10n:aggre,0.088,4,0.8333333333333334,0.8663729809104258,0.8329955187137956,681
cifar10n_taskil__c10n_aggre__derpp__seed4,cifar10n_taskil,derpp,cifar10n:aggre,0.088,4,0.9,0.9192200557103064,0.9012310122214984,718
cifar10n_taskil__c10n_aggre__derpp__seed4,cifar10n_taskil,derpp,cifar10n:aggre,0.088,4,0.9666666666666667,0.9724867724867725,0.9715383213033121,945
cifar10n_taskil__c10n_aggre__er__seed0,cifar10n_taskil,er,cifar10n:aggre,0.086,0,0.03333333333333333,,,0
cifar10n_taskil__c10n_aggre__er__seed0,cifar10n_taskil,er,cifar10n:aggre,0.086,0,0.1,,,0
cifar10n_taskil__c10n_aggre__er__seed0,cifar10n_taskil,er,cifar10n:aggre,0.086,0,0.16666666666666669,,,0
cifar10n_taskil__c10n_aggre__er__seed0,cifar10n_taskil,er,cifar10n:aggre,0.086,0,0.23333333333333334,,,0
cifar10n_taskil__c10n_aggre__er__seed0,cifar10n_taskil,er,cifar10n:aggre,0.086,0,0.3,,,0
cifar10n_taskil__c10n_aggre__er__seed0,cifar10n_taskil,er,cifar10n:aggre,0.086,0,0.3666666666666667,,,0
cifar10n_taskil__c10n_aggre__er__seed0,cifar10n_taskil,er,cifar10n:aggre,0.086,0,0.43333333333333335,,,0
cifar10n_taskil__c10n_aggre__er__seed0,cifar10n_taskil,er,cifar10n:aggre,0.086,0,0.5,0.4725274725274725,0.5179626666582547,91
cifar10n_taskil__c10n_aggre__er__seed0,cifar10n_taskil,er,cifar10n:aggre,0.086,0,0.5666666666666667,0.5347593582887701,0.5681598489297265,187
cifar10n_taskil__c10n_aggre__er__seed0,cifar10n_taskil,er,cifar10n:aggre,0.086,0,0.6333333333333333,0.5721153846153846,0.6340421123000292,208
cifar10n_taskil__c10n_aggre__er__seed0,cifar10n_taskil,er,cifar10n:aggre,0.086,0,0.7,0.49760765550239233,0.7028887075100219,209
cifar10n_taskil__c10n_aggre__er__seed0,cifar10n_taskil,er,cifar10n:aggre,0.086,0,0.7666666666666666,0.5495867768595041,0.7683745504410799,242
cifar10n_taskil__c10n_aggre__er__seed0,cifar10n_taskil,er,cifar10n:aggre,0.086,0,0.8333333333333334,0.5753424657534246,0.8332707567574227,292
cifar10n_taskil__c10n_aggre__er__seed0,cifar10n_taskil,er,cifar10n:aggre,0.086,0,0.9,0.6521739130434783,0.9035316223919156,506
cifar10n_taskil__c10n_aggre__er__seed0,cifar10n_taskil,er,cifar10n:aggre,0.086,0,0.9666666666666667,0.8049004594180704,0.9881685574971151,3265
cifar10n_taskil__c10n_aggre__er__seed1,cifar10n_taskil,er,cifar10n:aggre,0.09,1,0.03333333333333333,,,0
cifar10n_taskil__c10n_aggre__er__seed1,cifar10n_taskil,er,cifar10n:aggre,0.09,1,0.1,,,0
cifar10n_taskil__c10n_aggre__er__seed1,cifar10n_taskil,er,cifar10n:aggre,0.09,1,0.16666666666666669,,,0
cifar10n_taskil__c10n_aggre__er__seed1,cifar10n_taskil,er,cifar10n:aggre,0.09,1,0.23333333333333334,,,0
cifar10n_taskil__c10n_aggre__er__seed1,cifar10n_taskil,er,cifar10n:aggre,0.09,1,0.3,,,0
cifar10n_taskil__c10n_aggre__er__seed1,cifar10n_taskil,er,cifar10n:aggre,0.09,1,0.3666666666666667,,,0
cifar10n_taskil__c10n_aggre__er__seed1,cifar10n_taskil,er,cifar10n:aggre,0.09,1,0.43333333333333335,,,0
cifar10n_taskil__c10n_aggre__er__seed1,cifar10n_taskil,er,cifar10n:aggre,0.09,1,0.5,0.5555555555555556,0.5168757405545976,108
cifar10n_taskil__c10n_aggre__er__seed1,cifar10n_taskil,er,cifar10n:aggre,0.09,1,0.5666666666666667,0.5337078651685393,0.5660551411382267,178
cifar10n_taskil__c10n_aggre__er__seed1,cifar10n_taskil,er,cifar10n:aggre,0.09,1,0.6333333333333333,0.5147058823529411,0.6341689617610445,204
cifar10n_taskil__c10n_aggre__er__seed1,cifar10n_taskil,er,cifar10n:aggre,0.09,1,0.7,0.5769230769230769,0.7014929234472096,234
cifar10n_taskil__c10n_aggre__er__seed1,cifar10n_taskil,er,cifar10n:aggre,0.09,1,0.7666666666666666,0.6452830188679245,0.7688220379487524,265
cifar10n_taskil__c10n_aggre__er__seed1,cifar10n_taskil,er,cifar10n:aggre,0.09,1,0.8333333333333334,0.6205882352941177,0.8362953184282078,340
cifar10n_taskil__c10n_aggre__er__seed1,cifar10n_taskil,er,cifar10n:aggre,0.09,1,0.9,0.6504854368932039,0.9027123275312405,515
cifar10n_taskil__c10n_aggre__er__seed1,cifar10n_taskil,er,cifar10n:aggre,0.09,1,0.9666666666666667,0.826362484157161,0.98658302788952,3156
cifar10n_taskil__c10n_aggre__er__seed2,cifar10n_taskil,er,cifar10n:aggre,0.092,2,0.03333333333333333,,,0
cifar10n_taskil__c10n_aggre__er__seed2,cifar10n_taskil,er,cifar10n:aggre,0.092,2,0.1,,,0
cifar10n_taskil__c10n_aggre__er__seed2,cifar10n_taskil,er,cifar10n:aggre,0.092,2,0.16666666666666669,,,0
cifar10n_taskil__c10n_aggre__er__seed2,cifar10n_taskil,er,cifar10n:aggre,0.092,2,0.23333333333333334,,,0
cifar10n_taskil__c10n_aggre__er__seed2,cifar10n_taskil,er,cifar10n:aggre,0.092,2,0.3,,,0
cifar10n_taskil__c10n_aggre__er__seed2,cifar10n_taskil,er,cifar10n:aggre,0.092,2,0.3666666666666667,,,0
cifar10n_taskil__c10n_aggre__er__seed2,cifar10n_taskil,er,cifar10n:aggre,0.092,2,0.43333333333333335,,,0
cifar10n_taskil__c10n_aggre__er__seed2,cifar10n_taskil,er,cifar10n:aggre,0.092,2,0.5,0.56,0.5162061506509781,100
cifar10n_taskil__c10n_aggre__er__seed2,cifar10n_taskil,er,cifar10n:aggre,0.092,2,0.5666666666666667,0.5436893203883495,0.5682517521589705,206
cifar10n_taskil__c10n_aggre__er__seed2,cifar10n_taskil,er,cifar10n:aggre,0.092,2,0.6333333333333333,0.5695067264573991,0.6335994539774052,223
cifar10n_taskil__c10n_aggre__er__seed2,cifar10n_taskil,er,cifar10n:aggre,0.092,2,0.7,0.5669642857142857,0.6985365351928132,224
cifar10n_taskil__c10n_aggre__er__seed2,cifar10n_taskil,er,cifar10n:aggre,0.092,2,0.7666666666666666,0.6373626373626373,0.7680976021857489,273
cifar10n_taskil__c10n_aggre__er__seed2,cifar10n_taskil,er,cifar10n:aggre,0.092,2,0.8333333333333334,0.6428571428571429,0.833776866612227,322
cifar10n_taskil__c10n_aggre__er__seed2,cifar10n_taskil,er,cifar10n:aggre,0.092,2,0.9,0.6770833333333334,0.9031283600876728,480
cifar10n_taskil__c10n_aggre__er__seed2,cifar10n_taskil,er,cifar10n:aggre,0.092,2,0.9666666666666667,0.8792559899117276,0.9868957168818422,3172
cifar10n_taskil__c10n_aggre__er__seed3,cifar10n_taskil,er,cifar10n:aggre,0.089,3,0.03333333333333333,,,0
cifar10n_taskil__c10n_aggre__er__seed3,cifar10n_taskil,er,cifar10n:aggre,0.089,3,0.1,,,0
cifar10n_taskil__c10n_aggre__er__seed3,cifar10n_taskil,er,cifar10n:aggre,0.089,3,0.16666666666666669,,,0
cifar10n_taskil__c10n_aggre__er__seed3,cifar10n_taskil,er,cifar10n:aggre,0.089,3,0.23333333333333334,,,0
cifar10n_taskil__c10n_aggre__er__seed3,cifar10n_taskil,er,cifar10n:aggre,0.089,3,0.3,,,0
cifar10n_taskil__c10n_aggre__er__seed3,cifar10n_taskil,er,cifar10n:aggre,0.089,3,0.3666666666666667,,,0
cifar10n_taskil__c10n_aggre__er__seed3,cifar10n_taskil,er,cifar10n:aggre,0.089,3,0.43333333333333335,,,0
cifar10n_taskil__c10n_aggre__er__seed3,cifar10n_taskil,er,cifar10n:aggre,0.089,3,0.5,0.5113636363636364,0.5151947878978469,88
cifar10n_taskil__c10n_aggre__er__seed3,cifar10n_taskil,er,cifar10n:aggre,0.089,3,0.5666666666666667,0.5217391304347826,0.5672184565792913,161
cifar10n_taskil__c10n_aggre__er__seed3,cifar10n_taskil,er,cifar10n:aggre,0.089,3,0.6333333333333333,0.5263157894736842,0.6334425596814407,190
cifar10n_taskil__c10n_aggre__er__seed3,cifar10n_taskil,er,cifar10n:aggre,0.089,3,0.7,0.545,0.6994241589307785,200
cifar10n_taskil__c10n_aggre__er__seed3,cifar10n_taskil,er,cifar10n:aggre,0.089,3,0.7666666666666666,0.6359832635983264,0.7669911524241938,239
cifar10n_taskil__c10n_aggre__er__seed3,cifar10n_taskil,er,cifar10n:aggre,0.089,3,0.8333333333333334,0.6433333333333333,0.8352187565962473,300
cifar10n_taskil__c10n_aggre__er__seed3,cifar10n_taskil,er,cifar10n:aggre,0.089,3,0.9,0.6385281385281385,0.9038996301688157,462
cifar10n_taskil__c10n_aggre__er__seed3,cifar10n_taskil,er,cifar10n:aggre,0.089,3,0.9666666666666667,0.8458333333333333,0.9887425588355178,3360
cifar10n_taskil__c10n_aggre__er__seed4,cifar10n_taskil,er,cifar10n:aggre,0.088,4,0.03333333333333333,,,0
cifar10n_taskil__c10n_aggre__er__seed4,cifar10n_taskil,er,cifar10n:aggre,0.088,4,0.1,,,0
cifar10n_taskil__c10n_aggre__er__seed4,cifar10n_taskil,er,cifar10n:aggre,0.088,4,0.16666666666666669,,,0
cifar10n_taskil__c10n_aggre__er__seed4,cifar10n_taskil,er,cifar10n:aggre,0.088,4,0.23333333333333334,,,0
cifar10n_taskil__c10n_aggre__er__seed4,cifar10n_taskil,er,cifar10n:aggre,0.088,4,0.3,,,0
cifar10n_taskil__c10n_aggre__er__seed4,cifar10n_taskil,er,cifar10n:aggre,0.088,4,0.3666666666666667,,,0
cifar10n_taskil__c10n_aggre__er__seed4,cifar10n_taskil,er,cifar10n:aggre,0.088,4,0.43333333333333335,,,0
cifar10n_taskil__c10n_aggre__er__seed4,cifar10n_taskil,er,cifar10n:aggre,0.088,4,0.5,0.5125,0.518047122657299,80
cifar10n_taskil__c10n_aggre__er__seed4,cifar10n_taskil,er,cifar10n:aggre,0.088,4,0.5666666666666667,0.4782608695652174,0.5694576557378591,161
cifar10n_taskil__c10n_aggre__er__seed4,cifar10n_taskil,er,cifar10n:aggre,0.088,4,0.6333333333333333,0.5617283950617284,0.634079979893602,162
cifar10n_taskil__c10n_aggre__er__seed4,cifar10n_taskil,er,cifar10n:aggre,0.088,4,0.7,0.5515151515151515,0.6996783621383436,165
cifar10n_taskil__c10n_aggre__er__seed4,cifar10n_taskil,er,cifar10n:aggre,0.088,4,0.7666666666666666,0.592741935483871,0.7665637878160323,248
cifar10n_taskil__c10n_aggre__er__seed4,cifar10n_taskil,er,cifar10n:aggre,0.088,4,0.8333333333333334,0.6371951219512195,0.8342322234700366,328
cifar10n_taskil__c10n_aggre__er__seed4,cifar10n_taskil,er,cifar10n:aggre,0.088,4,0.9,0.6578366445916115,0.9033777595355811,453
cifar10n_taskil__c10n_aggre__er__seed4,cifar10n_taskil,er,cifar10n:aggre,0.088,4,0.9666666666666667,0.8565971201880693,0.9868413691586548,3403
cifar10n_taskil__c10n_aggre__gate_conf__seed0,cifar10n_taskil,gate_conf,cifar10n:aggre,0.086,0,0.03333333333333333,,,0
cifar10n_taskil__c10n_aggre__gate_conf__seed0,cifar10n_taskil,gate_conf,cifar10n:aggre,0.086,0,0.1,,,0
cifar10n_taskil__c10n_aggre__gate_conf__seed0,cifar10n_taskil,gate_conf,cifar10n:aggre,0.086,0,0.16666666666666669,,,0
cifar10n_taskil__c10n_aggre__gate_conf__seed0,cifar10n_taskil,gate_conf,cifar10n:aggre,0.086,0,0.23333333333333334,,,0
cifar10n_taskil__c10n_aggre__gate_conf__seed0,cifar10n_taskil,gate_conf,cifar10n:aggre,0.086,0,0.3,,,0
cifar10n_taskil__c10n_aggre__gate_conf__seed0,cifar10n_taskil,gate_conf,cifar10n:aggre,0.086,0,0.3666666666666667,,,0
cifar10n_taskil__c10n_aggre__gate_conf__seed0,cifar10n_taskil,gate_conf,cifar10n:aggre,0.086,0,0.43333333333333335,,,0
cifar10n_taskil__c10n_aggre__gate_conf__seed0,cifar10n_taskil,gate_conf,cifar10n:aggre,0.086,0,0.5,0.4666666666666667,0.5169884966479408,90
cifar10n_taskil__c10n_aggre__gate_conf__seed0,cifar10n_taskil,gate_conf,cifar10n:aggre,0.086,0,0.5666666666666667,0.5863874345549738,0.5643943897716662,191
cifar10n_taskil__c10n_aggre__gate_conf__seed0,cifar10n_taskil,gate_conf,cifar10n:aggre,0.086,0,0.6333333333333333,0.5098039215686274,0.6331186966568816,204
cifar10n_taskil__c10n_aggre__gate_conf__seed0,cifar10n_taskil,gate_conf,cifar10n:aggre,0.086,0,0.7,0.5727272727272728,0.70140545937148,220
cifar10n_taskil__c10n_aggre__gate_conf__seed0,cifar10n_taskil,gate_conf,cifar10n:aggre,0.086,0,0.7666666666666666,0.6259842519685039,0.7686738120758627,254
cifar10n_taskil__c10n_aggre__gate_conf__seed0,cifar10n_taskil,gate_conf,cifar10n:aggre,0.086,0,0.8333333333333334,0.6137724550898204,0.8367950566514524,334
cifar10n_taskil__c10n_aggre__gate_conf__seed0,cifar10n_taskil,gate_conf,cifar10n:aggre,0.086,0,0.9,0.6579476861167002,0.9034537300017758,497
cifar10n_taskil__c10n_aggre__gate_conf__seed0,cifar10n_taskil,gate_conf,cifar10n:aggre,0.086,0,0.9666666666666667,0.8146417445482866,0.9881036977530269,3210
cifar10n_taskil__c10n_aggre__gate_conf__seed1,cifar10n_taskil,gate_conf,cifar10n:aggre,0.09,1,0.03333333333333333,,,0
cifar10n_taskil__c10n_aggre__gate_conf__seed1,cifar10n_taskil,gate_conf,cifar10n:aggre,0.09,1,0.1,,,0
cifar10n_taskil__c10n_aggre__gate_conf__seed1,cifar10n_taskil,gate_conf,cifar10n:aggre,0.09,1,0.16666666666666669,,,0
cifar10n_taskil__c10n_aggre__gate_conf__seed1,cifar10n_taskil,gate_conf,cifar10n:aggre,0.09,1,0.23333333333333334,,,0
cifar10n_taskil__c10n_aggre__gate_conf__seed1,cifar10n_taskil,gate_conf,cifar10n:aggre,0.09,1,0.3,,,0
cifar10n_taskil__c10n_aggre__gate_conf__seed1,cifar10n_taskil,gate_conf,cifar10n:aggre,0.09,1,0.3666666666666667,,,0
cifar10n_taskil__c10n_aggre__gate_conf__seed1,cifar10n_taskil,gate_conf,cifar10n:aggre,0.09,1,0.43333333333333335,,,0
cifar10n_taskil__c10n_aggre__gate_conf__seed1,cifar10n_taskil,gate_conf,cifar10n:aggre,0.09,1,0.5,0.5531914893617021,0.5156075586663916,94
cifar10n_taskil__c10n_aggre__gate_conf__seed1,cifar10n_taskil,gate_conf,cifar10n:aggre,0.09,1,0.5666666666666667,0.485,0.5655895045399666,200
cifar10n_taskil__c10n_aggre__gate_conf__seed1,cifar10n_taskil,gate_conf,cifar10n:aggre,0.09,1,0.6333333333333333,0.5190476190476191,0.6334853711582366,210
cifar10n_taskil__c10n_aggre__gate_conf__seed1,cifar10n_taskil,gate_conf,cifar10n:aggre,0.09,1,0.7,0.5655430711610487,0.6995443688349777,267
cifar10n_taskil__c10n_aggre__gate_conf__seed1,cifar10n_taskil,gate_conf,cifar10n:aggre,0.09,1,0.7666666666666666,0.6162361623616236,0.7677354141794888,271
cifar10n_taskil__c10n_aggre__gate_conf__seed1,cifar10n_taskil,gate_conf,cifar10n:aggre,0.09,1,0.8333333333333334,0.6695906432748538,0.8362558180825752,342
cifar10n_taskil__c10n_aggre__gate_conf__seed1,cifar10n_taskil,gate_conf,cifar10n:aggre,0.09,1,0.9,0.6624087591240876,0.902227985597875,548
cifar10n_taskil__c10n_aggre__gate_conf__seed1,cifar10n_taskil,gate_conf,cifar10n:aggre,0.09,1,0.9666666666666667,0.8839634941329857,0.9881401328756103,3068
cifar10n_taskil__c10n_aggre__gate_conf__seed2,cifar10n_taskil,gate_conf,cifar10n:aggre,0.092,2,0.03333333333333333,,,0
cifar10n_taskil__c10n_aggre__gate_conf__seed2,cifar10n_taskil,gate_conf,cifar10n:aggre,0.092,2,0.1,,,0
cifar10n_taskil__c10n_aggre__gate_conf__seed2,cifar10n_taskil,gate_conf,cifar10n:aggre,0.092,2,0.16666666666666669,,,0
cifar10n_taskil__c10n_aggre__gate_conf__seed2,cifar10n_taskil,gate_conf,cifar10n:aggre,0.092,2,0.23333333333333334,,,0
cifar10n_taskil__c10n_aggre__gate_conf__seed2,cifar10n_taskil,gate_conf,cifar10n:aggre,0.092,2,0.3,,,0
cifar10n_taskil__c10n_aggre__gate_conf__seed2,cifar10n_taskil,gate_conf,cifar10n:aggre,0.092,2,0.3666666666666667,,,0
cifar10n_taskil__c10n_aggre__gate_conf__seed2,cifar10n_taskil,gate_conf,cifar10n:aggre,0.092,2,0.43333333333333335,,,0
cifar10n_taskil__c10n_aggre__gate_conf__seed2,cifar10n_taskil,gate_conf,cifar10n:aggre,0.092,2,0.5,0.45054945054945056,0.5170589770589556,91
cifar10n_taskil__c10n_aggre__gate_conf__seed2,cifar10n_taskil,gate_conf,cifar10n:aggre,0.092,2,0.5666666666666667,0.5508021390374331,0.5663854451103006,187
cifar10n_taskil__c10n_aggre__gate_conf__seed2,cifar10n_taskil,gate_conf,cifar10n:aggre,0.092,2,0.6333333333333333,0.5357142857142857,0.6345834087352363,196
cifar10n_taskil__c10n_aggre__gate_conf__seed2,cifar10n_taskil,gate_conf,cifar10n:aggre,0.092,2,0.7,0.5727699530516432,0.7019601047318866,213
cifar10n_taskil__c10n_aggre__gate_conf__seed2,cifar10n_taskil,gate_conf,cifar10n:aggre,0.092,2,0.7666666666666666,0.6166666666666667,0.7680178108314674,240
cifar10n_taskil__c10n_aggre__gate_conf__seed2,cifar10n_taskil,gate_conf,cifar10n:aggre,0.092,2,0.8333333333333334,0.6716417910447762,0.8348588285161488,335
cifar10n_taskil__c10n_aggre__gate_conf__seed2,cifar10n_taskil,gate_conf,cifar10n:aggre,0.092,2,0.9,0.6787330316742082,0.9037948907500478,442
cifar10n_taskil__c10n_aggre__gate_conf__seed2,cifar10n_taskil,gate_conf,cifar10n:aggre,0.092,2,0.9666666666666667,0.8786407766990292,0.9883778001570586,3296
cifar10n_taskil__c10n_aggre__gate_conf__seed3,cifar10n_taskil,gate_conf,cifar10n:aggre,0.089,3,0.03333333333333333,,,0
cifar10n_taskil__c10n_aggre__gate_conf__seed3,cifar10n_taskil,gate_conf,cifar10n:aggre,0.089,3,0.1,,,0
cifar10n_taskil__c10n_aggre__gate_conf__seed3,cifar10n_taskil,gate_conf,cifar10n:aggre,0.089,3,0.16666666666666669,,,0
cifar10n_taskil__c10n_aggre__gate_conf__seed3,cifar10n_taskil,gate_conf,cifar10n:aggre,0.089,3,0.23333333333333334,,,0
cifar10n_taskil__c10n_aggre__gate_conf__seed3,cifar10n_taskil,gate_conf,cifar10n:aggre,0.089,3,0.3,,,0
cifar10n_taskil__c10n_aggre__gate_conf__seed3,cifar10n_taskil,gate_conf,cifar10n:aggre,0.089,3,0.3666666666666667,,,0
cifar10n_taskil__c10n_aggre__gate_conf__seed3,cifar10n_taskil,gate_conf,cifar10n:aggre,0.089,3,0.43333333333333335,,,0
cifar10n_taskil__c10n_aggre__gate_conf__seed3,cifar10n_taskil,gate_conf,cifar10n:aggre,0.089,3,0.5,0.5,0.5171797457264691,82
cifar10n_taskil__c10n_aggre__gate_conf__seed3,cifar10n_taskil,gate_conf,cifar10n:aggre,0.089,3,0.5666666666666667,0.4756756756756757,0.5697086202131735,185
cifar10n_taskil__c10n_aggre__gate_conf__seed3,cifar10n_taskil,gate_conf,cifar10n:aggre,0.089,3,0.6333333333333333,0.5775401069518716,0.6347528278508926,187
cifar10n_taskil__c10n_aggre__gate_conf__seed3,cifar10n_taskil,gate_conf,cifar10n:aggre,0.089,3,0.7,0.5741626794258373,0.7001957719405872,209
cifar10n_taskil__c10n_aggre__gate_conf__seed3,cifar10n_taskil,gate_conf,cifar10n:aggre,0.089,3,0.7666666666666666,0.575,0.7678442940115928,240
cifar10n_taskil__c10n_aggre__gate_conf__seed3,cifar10n_taskil,gate_conf,cifar10n:aggre,0.089,3,0.8333333333333334,0.6033333333333334,0.8349730885028839,300
cifar10n_taskil__c10n_aggre__gate_conf__seed3,cifar10n_taskil,gate_conf,cifar10n:aggre,0.089,3,0.9,0.6615384615384615,0.903660493172132,520
cifar10n_taskil__c10n_aggre__gate_conf__seed3,cifar10n_taskil,gate_conf,cifar10n:aggre,0.089,3,0.9666666666666667,0.8260604211168752,0.9880639491992133,3277
cifar10n_taskil__c10n_aggre__gate_conf__seed4,cifar10n_taskil,gate_conf,cifar10n:aggre,0.088,4,0.03333333333333333,,,0
cifar10n_taskil__c10n_aggre__gate_conf__seed4,cifar10n_taskil,gate_conf,cifar10n:aggre,0.088,4,0.1,,,0
cifar10n_taskil__c10n_aggre__gate_conf__seed4,cifar10n_taskil,gate_conf,cifar10n:aggre,0.088,4,0.16666666666666669,,,0
cifar10n_taskil__c10n_aggre__gate_conf__seed4,cifar10n_taskil,gate_conf,cifar10n:aggre,0.088,4,0.23333333333333334,,,0
cifar10n_taskil__c10n_aggre__gate_conf__seed4,cifar10n_taskil,gate_conf,cifar10n:aggre,0.088,4,0.3,,,0
cifar10n_taskil__c10n_aggre__gate_conf__seed4,cifar10n_taskil,gate_conf,cifar10n:aggre,0.088,4,0.3666666666666667,,,0
cifar10n_taskil__c10n_aggre__gate_conf__seed4,cifar10n_taskil,gate_conf,cifar10n:aggre,0.088,4,0.43333333333333335,,,0
cifar10n_taskil__c10n_aggre__gate_conf__seed4,cifar10n_taskil,gate_conf,cifar10n:aggre,0.088,4,0.5,0.4727272727272727,0.5154802073131908,110
cifar10n_taskil__c10n_aggre__gate_conf__seed4,cifar10n_taskil,gate_conf,cifar10n:aggre,0.088,4,0.5666666666666667,0.5586854460093896,0.5639949211492225,213
cifar10n_taskil__c10n_aggre__gate_conf__seed4,cifar10n_taskil,gate_conf,cifar10n:aggre,0.088,4,0.6333333333333333,0.5358649789029536,0.6350142631349684,237
cifar10n_taskil__c10n_aggre__gate_conf__seed4,cifar10n_taskil,gate_conf,cifar10n:aggre,0.088,4,0.7,0.5791505791505791,0.7015993613533992,259
cifar10n_taskil__c10n_aggre__gate_conf__seed4,cifar10n_taskil,gate_conf,cifar10n:aggre,0.088,4,0.7666666666666666,0.5953177257525084,0.767945151065903,299
cifar10n_taskil__c10n_aggre__gate_conf__seed4,cifar10n_taskil,gate_conf,cifar10n:aggre,0.088,4,0.8333333333333334,0.6149584487534626,0.8331152596962419,361
cifar10n_taskil__c10n_aggre__gate_conf__seed4,cifar10n_taskil,gate_conf,cifar10n:aggre,0.088,4,0.9,0.6793168880455408,0.9034314013070355,527
cifar10n_taskil__c10n_aggre__gate_conf__seed4,cifar10n_taskil,gate_conf,cifar10n:aggre,0.088,4,0.9666666666666667,0.8754175016700066,0.986580049028059,2994
cifar10n_taskil__c10n_aggre__gate_loss__seed0,cifar10n_taskil,gate_loss,cifar10n:aggre,0.086,0,0.03333333333333333,,,0
cifar10n_taskil__c10n_aggre__gate_loss__seed0,cifar10n_taskil,gate_loss,cifar10n:aggre,0.086,0,0.1,,,0
cifar10n_taskil__c10n_aggre__gate_loss__seed0,cifar10n_taskil,gate_loss,cifar10n:aggre,0.086,0,0.16666666666666669,,,0
cifar10n_taskil__c10n_aggre__gate_loss__seed0,cifar10n_taskil,gate_loss,cifar10n:aggre,0.086,0,0.23333333333333334,,,0
cifar10n_taskil__c10n_aggre__gate_loss__seed0,cifar10n_taskil,gate_loss,cifar10n:aggre,0.086,0,0.3,,,0
cifar10n_taskil__c10n_aggre__gate_loss__seed0,cifar10n_taskil,gate_loss,cifar10n:aggre,0.086,0,0.3666666666666667,,,0
cifar10n_taskil__c10n_aggre__gate_loss__seed0,cifar10n_taskil,gate_loss,cifar10n:aggre,0.086,0,0.43333333333333335,,,0
cifar10n_taskil__c10n_aggre__gate_loss__seed0,cifar10n_taskil,gate_loss,cifar10n:aggre,0.086,0,0.5,0.3466666666666667,0.5160682733853658,75
cifar10n_taskil__c10n_aggre__gate_loss__seed0,cifar10n_taskil,gate_loss,cifar10n:aggre,0.086,0,0.5666666666666667,0.5,0.5675900401764138,172
cifar10n_taskil__c10n_aggre__gate_loss__seed0,cifar10n_taskil,gate_loss,cifar10n:aggre,0.086,0,0.6333333333333333,0.5555555555555556,0.6322506968345907,144
cifar10n_taskil__c10n_aggre__gate_loss__seed0,cifar10n_taskil,gate_loss,cifar10n:aggre,0.086,0,0.7,0.6134020618556701,0.7016513430580651,194
cifar10n_taskil__c10n_aggre__gate_loss__seed0,cifar10n_taskil,gate_loss,cifar10n:aggre,0.086,0,0.7666666666666666,0.6229508196721312,0.7678952138932025,183
cifar10n_taskil__c10n_aggre__gate_loss__seed0,cifar10n_taskil,gate_loss,cifar10n:aggre,0.086,0,0.8333333333333334,0.6970802919708029,0.8351801185712328,274
cifar10n_taskil__c10n_aggre__gate_loss__seed0,cifar10n_taskil,gate_loss,cifar10n:aggre,0.086,0,0.9,0.7268817204301076,0.9021180537439162,465
cifar10n_taskil__c10n_aggre__gate_loss__seed0,cifar10n_taskil,gate_loss,cifar10n:aggre,0.086,0,0.9666666666666667,0.8803320927569425,0.989039671632645,3493
cifar10n_taskil__c10n_aggre__gate_loss__seed1,cifar10n_taskil,gate_loss,cifar10n:aggre,0.09,1,0.03333333333333333,,,0
cifar10n_taskil__c10n_aggre__gate_loss__seed1,cifar10n_taskil,gate_loss,cifar10n:aggre,0.09,1,0.1,,,0
cifar10n_taskil__c10n_aggre__gate_loss__seed1,cifar10n_taskil,gate_loss,cifar10n:aggre,0.09,1,0.16666666666666669,,,0
cifar10n_taskil__c10n_aggre__gate_loss__seed1,cifar10n_taskil,gate_loss,cifar10n:aggre,0.09,1,0.23333333333333334,,,0
cifar10n_taskil__c10n_aggre__gate_loss__seed1,cifar10n_taskil,gate_loss,cifar10n:aggre,0.09,1,0.3,,,0
cifar10n_taskil__c10n_aggre__gate_loss__seed1,cifar10n_taskil,gate_loss,cifar10n:aggre,0.09,1,0.3666666666666667,,,0
cifar10n_taskil__c10n_aggre__gate_loss__seed1,cifar10n_taskil,gate_loss,cifar10n:aggre,0.09,1,0.43333333333333335,,,0
cifar10n_taskil__c10n_aggre__gate_loss__seed1,cifar10n_taskil,gate_loss,cifar10n:aggre,0.09,1,0.5,0.5769230769230769,0.5175052636708969,78
cifar10n_taskil__c10n_aggre__gate_loss__seed1,cifar10n_taskil,gate_loss,cifar10n:aggre,0.09,1,0.5666666666666667,0.47701149425287354,0.5669611593087515,174
cifar10n_taskil__c10n_aggre__gate_loss__seed1,cifar10n_taskil,gate_loss,cifar10n:aggre,0.09,1,0.6333333333333333,0.5574712643678161,0.6332538741073389,174
cifar10n_taskil__c10n_aggre__gate_loss__seed1,cifar10n_taskil,gate_loss,cifar10n:aggre,0.09,1,0.7,0.558974358974359,0.7003289916576483,195
cifar10n_taskil__c10n_aggre__gate_loss__seed1,cifar10n_taskil,gate_loss,cifar10n:aggre,0.09,1,0.7666666666666666,0.6666666666666666,0.7653211574533801,231
cifar10n_taskil__c10n_aggre__gate_loss__seed1,cifar10n_taskil,gate_loss,cifar10n:aggre,0.09,1,0.8333333333333334,0.7,0.8364467050089981,330
cifar10n_taskil__c10n_aggre__gate_loss__seed1,cifar10n_taskil,gate_loss,cifar10n:aggre,0.09,1,0.9,0.6623655913978495,0.9036064253058484,465
cifar10n_taskil__c10n_aggre__gate_loss__seed1,cifar10n_taskil,gate_loss,cifar10n:aggre,0.09,1,0.9666666666666667,0.8699671935580078,0.9882711579541538,3353
cifar10n_taskil__c10n_aggre__gate_loss__seed2,cifar10n_taskil,gate_loss,cifar10n:aggre,0.092,2,0.03333333333333333,,,0
cifar10n_taskil__c10n_aggre__gate_loss__seed2,cifar10n_taskil,gate_loss,cifar10n:aggre,0.092,2,0.1,,,0
cifar10n_taskil__c10n_aggre__gate_loss__seed2,cifar10n_taskil,gate_loss,cifar10n:aggre,0.092,2,0.16666666666666669,,,0
cifar10n_taskil__c10n_aggre__gate_loss__seed2,cifar10n_taskil,gate_loss,cifar10n:aggre,0.092,2,0.23333333333333334,,,0
cifar10n_taskil__c10n_aggre__gate_loss__seed2,cifar10n_taskil,gate_loss,cifar10n:aggre,0.092,2,0.3,,,0
cifar10n_taskil__c10n_aggre__gate_loss__seed2,cifar10n_taskil,gate_loss,cifar10n:aggre,0.092,2,0.3666666666666667,,,0
cifar10n_taskil__c10n_aggre__gate_loss__seed2,cifar10n_taskil,gate_loss,cifar10n:aggre,0.092,2,0.43333333333333335,,,0
cifar10n_taskil__c10n_aggre__gate_loss__seed2,cifar10n_taskil,gate_loss,cifar10n:aggre,0.092,2,0.5,0.5774647887323944,0.5186016030714545,71
cifar10n_taskil__c10n_aggre__gate_loss__seed2,cifar10n_taskil,gate_loss,cifar10n:aggre,0.092,2,0.5666666666666667,0.49411764705882355,0.5660166042692522,170
cifar10n_taskil__c10n_aggre__gate_loss__seed2,cifar10n_taskil,gate_loss,cifar10n:aggre,0.092,2,0.6333333333333333,0.5277777777777778,0.6305486119455761,180
cifar10n_taskil__c10n_aggre__gate_loss__seed2,cifar10n_taskil,gate_loss,cifar10n:aggre,0.092,2,0.7,0.558252427184466,0.7041971475175284,206
cifar10n_taskil__c10n_aggre__gate_loss__seed2,cifar10n_taskil,gate_loss,cifar10n:aggre,0.092,2,0.7666666666666666,0.5747663551401869,0.7682857326815061,214
cifar10n_taskil__c10n_aggre__gate_loss__seed2,cifar10n_taskil,gate_loss,cifar10n:aggre,0.092,2,0.8333333333333334,0.6291390728476821,0.8349424742704985,302
cifar10n_taskil__c10n_aggre__gate_loss__seed2,cifar10n_taskil,gate_loss,cifar10n:aggre,0.092,2,0.9,0.6355353075170843,0.9017018428696044,439
cifar10n_taskil__c10n_aggre__gate_loss__seed2,cifar10n_taskil,gate_loss,cifar10n:aggre,0.092,2,0.9666666666666667,0.8493270918665886,0.9891503899679189,3418
cifar10n_taskil__c10n_aggre__gate_loss__seed3,cifar10n_taskil,gate_loss,cifar10n:aggre,0.089,3,0.03333333333333333,,,0
cifar10n_taskil__c10n_aggre__gate_loss__seed3,cifar10n_taskil,gate_loss,cifar10n:aggre,0.089,3,0.1,,,0
cifar10n_taskil__c10n_aggre__gate_loss__seed3,cifar10n_taskil,gate_loss,cifar10n:aggre,0.089,3,0.16666666666666669,,,0
cifar10n_taskil__c10n_aggre__gate_loss__seed3,cifar10n_taskil,gate_loss,cifar10n:aggre,0.089,3,0.23333333333333334,,,0
cifar10n_taskil__c10n_aggre__gate_loss__seed3,cifar10n_taskil,gate_loss,cifar10n:aggre,0.089,3,0.3,,,0
cifar10n_taskil__c10n_aggre__gate_loss__seed3,cifar10n_taskil,gate_loss,cifar10n:aggre,0.089,3,0.3666666666666667,,,0
cifar10n_taskil__c10n_aggre__gate_loss__seed3,cifar10n_taskil,gate_loss,cifar10n:aggre,0.089,3,0.43333333333333335,,,0
cifar10n_taskil__c10n_aggre__gate_loss__seed3,cifar10n_taskil,gate_loss,cifar10n:aggre,0.089,3,0.5,0.589041095890411,0.5179307297484516,73
cifar10n_taskil__c10n_aggre__gate_loss__seed3,cifar10n_taskil,gate_loss,cifar10n:aggre,0.089,3,0.5666666666666667,0.5308641975308642,0.5642224690060557,162
cifar10n_taskil__c10n_aggre__gate_loss__seed3,cifar10n_taskil,gate_loss,cifar10n:aggre,0.089,3,0.6333333333333333,0.593939393939394,0.6350534630544258,165
cifar10n_taskil__c10n_aggre__gate_loss__seed3,cifar10n_taskil,gate_loss,cifar10n:aggre,0.089,3,0.7,0.5454545454545454,0.701853673867505,198
cifar10n_taskil__c10n_aggre__gate_loss__seed3,cifar10n_taskil,gate_loss,cifar10n:aggre,0.089,3,0.7666666666666666,0.6331658291457286,0.7680887789582488,199
cifar10n_taskil__c10n_aggre__gate_loss__seed3,cifar10n_taskil,gate_loss,cifar10n:aggre,0.089,3,0.8333333333333334,0.6888111888111889,0.8349421778758923,286
cifar10n_taskil__c10n_aggre__gate_loss__seed3,cifar10n_taskil,gate_loss,cifar10n:aggre,0.089,3,0.9,0.6905829596412556,0.9060283501052001,446
cifar10n_taskil__c10n_aggre__gate_loss__seed3,cifar10n_taskil,gate_loss,cifar10n:aggre,0.089,3,0.9666666666666667,0.8775569000288101,0.9887501012863394,3471
cifar10n_taskil__c10n_aggre__gate_loss__seed4,cifar10n_taskil,gate_loss,cifar10n:aggre,0.088,4,0.03333333333333333,,,0
cifar10n_taskil__c10n_aggre__gate_loss__seed4,cifar10n_taskil,gate_loss,cifar10n:aggre,0.088,4,0.1,,,0
cifar10n_taskil__c10n_aggre__gate_loss__seed4,cifar10n_taskil,gate_loss,cifar10n:aggre,0.088,4,0.16666666666666669,,,0
cifar10n_taskil__c10n_aggre__gate_loss__seed4,cifar10n_taskil,gate_loss,cifar10n:aggre,0.088,4,0.23333333333333334,,,0
cifar10n_taskil__c10n_aggre__gate_loss__seed4,cifar10n_taskil,gate_loss,cifar10n:aggre,0.088,4,0.3,,,0
cifar10n_taskil__c10n_aggre__gate_loss__seed4,cifar10n_taskil,gate_loss,cifar10n:aggre,0.088,4,0.3666666666666667,,,0
cifar10n_taskil__c10n_aggre__gate_loss__seed4,cifar10n_taskil,gate_loss,cifar10n:aggre,0.088,4,0.43333333333333335,,,0
cifar10n_taskil__c10n_aggre__gate_loss__seed4,cifar10n_taskil,gate_loss,cifar10n:aggre,0.088,4,0.5,0.6,0.5181200750668844,75
cifar10n_taskil__c10n_aggre__gate_loss__seed4,cifar10n_taskil,gate_loss,cifar10n:aggre,0.088,4,0.5666666666666667,0.45569620253164556,0.5662670561784431,158
cifar10n_taskil__c10n_aggre__gate_loss__seed4,cifar10n_taskil,gate_loss,cifar10n:aggre,0.088,4,0.6333333333333333,0.45664739884393063,0.633804248592068,173
cifar10n_taskil__c10n_aggre__gate_loss__seed4,cifar10n_taskil,gate_loss,cifar10n:aggre,0.088,4,0.7,0.5927835051546392,0.7028783965356571,194
cifar10n_taskil__c10n_aggre__gate_loss__seed4,cifar10n_taskil,gate_loss,cifar10n:aggre,0.088,4,0.7666666666666666,0.5714285714285714,0.7660599731597579,238
cifar10n_taskil__c10n_aggre__gate_loss__seed4,cifar10n_taskil,gate_loss,cifar10n:aggre,0.088,4,0.8333333333333334,0.6206896551724138,0.8349651059200024,290
cifar10n_taskil__c10n_aggre__gate_loss__seed4,cifar10n_taskil,gate_loss,cifar10n:aggre,0.088,4,0.9,0.6796536796536796,0.9032007378417176,462
cifar10n_taskil__c10n_aggre__gate_loss__seed4,cifar10n_taskil,gate_loss,cifar10n:aggre,0.088,4,0.9666666666666667,0.8586510263929619,0.9885844871969867,3410
cifar10n_taskil__c10n_aggre__oracle__seed0,cifar10n_taskil,oracle,cifar10n:aggre,0.086,0,0.03333333333333333,,,0
cifar10n_taskil__c10n_aggre__oracle__seed0,cifar10n_taskil,oracle,cifar10n:aggre,0.086,0,0.1,,,0
cifar10n_taskil__c10n_aggre__oracle__seed0,cifar10n_taskil,oracle,cifar10n:aggre,0.086,0,0.16666666666666669,,,0
cifar10n_taskil__c10n_aggre__oracle__seed0,cifar10n_taskil,oracle,cifar10n:aggre,0.086,0,0.23333333333333334,,,0
cifar10n_taskil__c10n_aggre__oracle__seed0,cifar10n_taskil,oracle,cifar10n:aggre,0.086,0,0.3,,,0
cifar10n_taskil__c10n_aggre__oracle__seed0,cifar10n_taskil,oracle,cifar10n:aggre,0.086,0,0.3666666666666667,,,0
cifar10n_taskil__c10n_aggre__oracle__seed0,cifar10n_taskil,oracle,cifar10n:aggre,0.086,0,0.43333333333333335,,,0
cifar10n_taskil__c10n_aggre__oracle__seed0,cifar10n_taskil,oracle,cifar10n:aggre,0.086,0,0.5,0.44,0.5171861187616984,75
cifar10n_taskil__c10n_aggre__oracle__seed0,cifar10n_taskil,oracle,cifar10n:aggre,0.086,0,0.5666666666666667,0.5225806451612903,0.5648625731468201,155
cifar10n_taskil__c10n_aggre__oracle__seed0,cifar10n_taskil,oracle,cifar10n:aggre,0.086,0,0.6333333333333333,0.6223404255319149,0.634054089797304,188
cifar10n_taskil__c10n_aggre__oracle__seed0,cifar10n_taskil,oracle,cifar10n:aggre,0.086,0,0.7,0.5677083333333334,0.7004620019967357,192
cifar10n_taskil__c10n_aggre__oracle__seed0,cifar10n_taskil,oracle,cifar10n:aggre,0.086,0,0.7666666666666666,0.5486381322957199,0.7688519646221562,257
cifar10n_taskil__c10n_aggre__oracle__seed0,cifar10n_taskil,oracle,cifar10n:aggre,0.086,0,0.8333333333333334,0.6253968253968254,0.8347852862070477,315
cifar10n_taskil__c10n_aggre__oracle__seed0,cifar10n_taskil,oracle,cifar10n:aggre,0.086,0,0.9,0.6805555555555556,0.9024098460321073,432
cifar10n_taskil__c10n_aggre__oracle__seed0,cifar10n_taskil,oracle,cifar10n:aggre,0.086,0,0.9666666666666667,0.8756645008860012,0.9890266857552796,3386
cifar10n_taskil__c10n_aggre__oracle__seed1,cifar10n_taskil,oracle,cifar10n:aggre,0.09,1,0.03333333333333333,,,0
cifar10n_taskil__c10n_aggre__oracle__seed1,cifar10n_taskil,oracle,cifar10n:aggre,0.09,1,0.1,,,0
cifar10n_taskil__c10n_aggre__oracle__seed1,cifar10n_taskil,oracle,cifar10n:aggre,0.09,1,0.16666666666666669,,,0
cifar10n_taskil__c10n_aggre__oracle__seed1,cifar10n_taskil,oracle,cifar10n:aggre,0.09,1,0.23333333333333334,,,0
cifar10n_taskil__c10n_aggre__oracle__seed1,cifar10n_taskil,oracle,cifar10n:aggre,0.09,1,0.3,,,0
cifar10n_taskil__c10n_aggre__oracle__seed1,cifar10n_taskil,oracle,cifar10n:aggre,0.09,1,0.3666666666666667,,,0
cifar10n_taskil__c10n_aggre__oracle__seed1,cifar10n_taskil,oracle,cifar10n:aggre,0.09,1,0.43333333333333335,,,0
cifar10n_taskil__c10n_aggre__oracle__seed1,cifar10n_taskil,oracle,cifar10n:aggre,0.09,1,0.5,0.46153846153846156,0.5151287454825181,65
cifar10n_taskil__c10n_aggre__oracle__seed1,cifar10n_taskil,oracle,cifar10n:aggre,0.09,1,0.5666666666666667,0.5328947368421053,0.5705612333197343,152
cifar10n_taskil__c10n_aggre__oracle__seed1,cifar10n_taskil,oracle,cifar10n:aggre,0.09,1,0.6333333333333333,0.5679012345679012,0.630624058805866,162
cifar10n_taskil__c10n_aggre__oracle__seed1,cifar10n_taskil,oracle,cifar10n:aggre,0.09,1,0.7,0.550561797752809,0.7005824594015486,178
cifar10n_taskil__c10n_aggre__oracle__seed1,cifar10n_taskil,oracle,cifar10n:aggre,0.09,1,0.7666666666666666,0.5614754098360656,0.7672687185103776,244
cifar10n_taskil__c10n_aggre__oracle__seed1,cifar10n_taskil,oracle,cifar10n:aggre,0.09,1,0.8333333333333334,0.6666666666666666,0.8349585465628738,309
cifar10n_taskil__c10n_aggre__oracle__seed1,cifar10n_taskil,oracle,cifar10n:aggre,0.09,1,0.9,0.6908315565031983,0.9038730582702897,469
cifar10n_taskil__c10n_aggre__oracle__seed1,cifar10n_taskil,oracle,cifar10n:aggre,0.09,1,0.9666666666666667,0.8675825781935107,0.9895882605460958,3421
cifar10n_taskil__c10n_aggre__oracle__seed2,cifar10n_taskil,oracle,cifar10n:aggre,0.092,2,0.03333333333333333,,,0
cifar10n_taskil__c10n_aggre__oracle__seed2,cifar10n_taskil,oracle,cifar10n:aggre,0.092,2,0.1,,,0
cifar10n_taskil__c10n_aggre__oracle__seed2,cifar10n_taskil,oracle,cifar10n:aggre,0.092,2,0.16666666666666669,,,0
cifar10n_taskil__c10n_aggre__oracle__seed2,cifar10n_taskil,oracle,cifar10n:aggre,0.092,2,0.23333333333333334,,,0
cifar10n_taskil__c10n_aggre__oracle__seed2,cifar10n_taskil,oracle,cifar10n:aggre,0.092,2,0.3,,,0
cifar10n_taskil__c10n_aggre__oracle__seed2,cifar10n_taskil,oracle,cifar10n:aggre,0.092,2,0.3666666666666667,,,0
cifar10n_taskil__c10n_aggre__oracle__seed2,cifar10n_taskil,oracle,cifar10n:aggre,0.092,2,0.43333333333333335,,,0
cifar10n_taskil__c10n_aggre__oracle__seed2,cifar10n_taskil,oracle,cifar10n:aggre,0.092,2,0.5,0.5131578947368421,0.5169332490155572,76
cifar10n_taskil__c10n_aggre__oracle__seed2,cifar10n_taskil,oracle,cifar10n:aggre,0.092,2,0.5666666666666667,0.5428571428571428,0.5658486185755048,175
cifar10n_taskil__c10n_aggre__oracle__seed2,cifar10n_taskil,oracle,cifar10n:aggre,0.092,2,0.6333333333333333,0.5674157303370787,0.6329903890577595,178
cifar10n_taskil__c10n_aggre__oracle__seed2,cifar10n_taskil,oracle,cifar10n:aggre,0.092,2,0.7,0.6135265700483091,0.6995254000603864,207
cifar10n_taskil__c10n_aggre__oracle__seed2,cifar10n_taskil,oracle,cifar10n:aggre,0.092,2,0.7666666666666666,0.6408163265306123,0.7683531761169433,245
cifar10n_taskil__c10n_aggre__oracle__seed2,cifar10n_taskil,oracle,cifar10n:aggre,0.092,2,0.8333333333333334,0.6654804270462633,0.8341090490385307,281
cifar10n_taskil__c10n_aggre__oracle__seed2,cifar10n_taskil,oracle,cifar10n:aggre,0.092,2,0.9,0.7621359223300971,0.9040819052064303,412
cifar10n_taskil__c10n_aggre__oracle__seed2,cifar10n_taskil,oracle,cifar10n:aggre,0.092,2,0.9666666666666667,0.8747810858143608,0.9878763794481441,3426
cifar10n_taskil__c10n_aggre__oracle__seed3,cifar10n_taskil,oracle,cifar10n:aggre,0.089,3,0.03333333333333333,,,0
cifar10n_taskil__c10n_aggre__oracle__seed3,cifar10n_taskil,oracle,cifar10n:aggre,0.089,3,0.1,,,0
cifar10n_taskil__c10n_aggre__oracle__seed3,cifar10n_taskil,oracle,cifar10n:aggre,0.089,3,0.16666666666666669,,,0
cifar10n_taskil__c10n_aggre__oracle__seed3,cifar10n_taskil,oracle,cifar10n:aggre,0.089,3,0.23333333333333334,,,0
cifar10n_taskil__c10n_aggre__oracle__seed3,cifar10n_taskil,oracle,cifar10n:aggre,0.089,3,0.3,,,0
cifar10n_taskil__c10n_aggre__oracle__seed3,cifar10n_taskil,oracle,cifar10n:aggre,0.089,3,0.3666666666666667,,,0
cifar10n_taskil__c10n_aggre__oracle__seed3,cifar10n_taskil,oracle,cifar10n:aggre,0.089,3,0.43333333333333335,,,0
cifar10n_taskil__c10n_aggre__oracle__seed3,cifar10n_taskil,oracle,cifar10n:aggre,0.089,3,0.5,0.5813953488372093,0.5172200937603795,86
cifar10n_taskil__c10n_aggre__oracle__seed3,cifar10n_taskil,oracle,cifar10n:aggre,0.089,3,0.5666666666666667,0.5819209039548022,0.5655232135858913,177
cifar10n_taskil__c10n_aggre__oracle__seed3,cifar10n_taskil,oracle,cifar10n:aggre,0.089,3,0.6333333333333333,0.518324607329843,0.6334675547340154,191
cifar10n_taskil__c10n_aggre__oracle__seed3,cifar10n_taskil,oracle,cifar10n:aggre,0.089,3,0.7,0.6261261261261262,0.7013626555064777,222
cifar10n_taskil__c10n_aggre__oracle__seed3,cifar10n_taskil,oracle,cifar10n:aggre,0.089,3,0.7666666666666666,0.6058091286307054,0.7675763215266818,241
cifar10n_taskil__c10n_aggre__oracle__seed3,cifar10n_taskil,oracle,cifar10n:aggre,0.089,3,0.8333333333333334,0.6726618705035972,0.8346924458047469,278
cifar10n_taskil__c10n_aggre__oracle__seed3,cifar10n_taskil,oracle,cifar10n:aggre,0.089,3,0.9,0.7030651340996169,0.904542040665031,522
cifar10n_taskil__c10n_aggre__oracle__seed3,cifar10n_taskil,oracle,cifar10n:aggre,0.089,3,0.9666666666666667,0.8671946390496497,0.9881620458121566,3283
cifar10n_taskil__c10n_aggre__oracle__seed4,cifar10n_taskil,oracle,cifar10n:aggre,0.088,4,0.03333333333333333,,,0
cifar10n_taskil__c10n_aggre__oracle__seed4,cifar10n_taskil,oracle,cifar10n:aggre,0.088,4,0.1,,,0
cifar10n_taskil__c10n_aggre__oracle__seed4,cifar10n_taskil,oracle,cifar10n:aggre,0.088,4,0.16666666666666669,,,0
cifar10n_taskil__c10n_aggre__oracle__seed4,cifar10n_taskil,oracle,cifar10n:aggre,0.088,4,0.23333333333333334,,,0
cifar10n_taskil__c10n_aggre__oracle__seed4,cifar10n_taskil,oracle,cifar10n:aggre,0.088,4,0.3,,,0
cifar10n_taskil__c10n_aggre__oracle__seed4,cifar10n_taskil,oracle,cifar10n:aggre,0.088,4,0.3666666666666667,,,0
cifar10n_taskil__c10n_aggre__oracle__seed4,cifar10n_taskil,oracle,cifar10n:aggre,0.088,4,0.43333333333333335,,,0
cifar10n_taskil__c10n_aggre__oracle__seed4,cifar10n_taskil,oracle,cifar10n:aggre,0.088,4,0.5,0.5405405405405406,0.515300382633467,74
cifar10n_taskil__c10n_aggre__oracle__seed4,cifar10n_taskil,oracle,cifar10n:aggre,0.088,4,0.5666666666666667,0.5229885057471264,0.5654519422986042,174
cifar10n_taskil__c10n_aggre__oracle__seed4,cifar10n_taskil,oracle,cifar10n:aggre,0.088,4,0.6333333333333333,0.5642458100558659,0.6332426970231466,179
cifar10n_taskil__c10n_aggre__oracle__seed4,cifar10n_taskil,oracle,cifar10n:aggre,0.088,4,0.7,0.5373134328358209,0.6993584499430301,201
cifar10n_taskil__c10n_aggre__oracle__seed4,cifar10n_taskil,oracle,cifar10n:aggre,0.088,4,0.7666666666666666,0.5693069306930693,0.7680827712658609,202
cifar10n_taskil__c10n_aggre__oracle__seed4,cifar10n_taskil,oracle,cifar10n:aggre,0.088,4,0.8333333333333334,0.6870748299319728,0.8358549335781409,294
cifar10n_taskil__c10n_aggre__oracle__seed4,cifar10n_taskil,oracle,cifar10n:aggre,0.088,4,0.9,0.698744769874477,0.9025561894333013,478
cifar10n_taskil__c10n_aggre__oracle__seed4,cifar10n_taskil,oracle,cifar10n:aggre,0.088,4,0.9666666666666667,0.8808122424955857,0.9888407727807602,3398
cifar10n_taskil__c10n_worse__derpp__seed0,cifar10n_taskil,derpp,cifar10n:worse,0.4,0,0.03333333333333333,,,0
cifar10n_taskil__c10n_worse__derpp__seed0,cifar10n_taskil,derpp,cifar10n:worse,0.4,0,0.1,,,0
cifar10n_taskil__c10n_worse__derpp__seed0,cifar10n_taskil,derpp,cifar10n:worse,0.4,0,0.16666666666666669,,,0
cifar10n_taskil__c10n_worse__derpp__seed0,cifar10n_taskil,derpp,cifar10n:worse,0.4,0,0.23333333333333334,,,0
cifar10n_taskil__c10n_worse__derpp__seed0,cifar10n_taskil,derpp,cifar10n:worse,0.4,0,0.3,,,0
cifar10n_taskil__c10n_worse__derpp__seed0,cifar10n_taskil,derpp,cifar10n:worse,0.4,0,0.3666666666666667,,,0
cifar10n_taskil__c10n_worse__derpp__seed0,cifar10n_taskil,derpp,cifar10n:worse,0.4,0,0.43333333333333335,,,0
cifar10n_taskil__c10n_worse__derpp__seed0,cifar10n_taskil,derpp,cifar10n:worse,0.4,0,0.5,0.5356521739130434,0.5171946415693863,575
cifar10n_taskil__c10n_worse__derpp__seed0,cifar10n_taskil,derpp,cifar10n:worse,0.4,0,0.5666666666666667,0.544425087108014,0.5657819785203668,1148
cifar10n_taskil__c10n_worse__derpp__seed0,cifar10n_taskil,derpp,cifar10n:worse,0.4,0,0.6333333333333333,0.5767676767676768,0.6333995607164171,990
cifar10n_taskil__c10n_worse__derpp__seed0,cifar10n_taskil,derpp,cifar10n:worse,0.4,0,0.7,0.6054827175208581,0.6991025432500282,839
cifar10n_taskil__c10n_worse__derpp__seed0,cifar10n_taskil,derpp,cifar10n:worse,0.4,0,0.7666666666666666,0.6841294298921418,0.7650915653385991,649
cifar10n_taskil__c10n_worse__derpp__seed0,cifar10n_taskil,derpp,cifar10n:worse,0.4,0,0.8333333333333334,0.7336343115124153,0.8313208600468345,443
cifar10n_taskil__c10n_worse__derpp__seed0,cifar10n_taskil,derpp,cifar10n:worse,0.4,0,0.9,0.7290836653386454,0.8955349527982127,251
cifar10n_taskil__c10n_worse__derpp__seed0,cifar10n_taskil,derpp,cifar10n:worse,0.4,0,0.9666666666666667,0.8285714285714286,0.9620202388082232,105
cifar10n_taskil__c10n_worse__derpp__seed1,cifar10n_taskil,derpp,cifar10n:worse,0.393,1,0.03333333333333333,,,0
cifar10n_taskil__c10n_worse__derpp__seed1,cifar10n_taskil,derpp,cifar10n:worse,0.393,1,0.1,,,0
cifar10n_taskil__c10n_worse__derpp__seed1,cifar10n_taskil,derpp,cifar10n:worse,0.393,1,0.16666666666666669,,,0
cifar10n_taskil__c10n_worse__derpp__seed1,cifar10n_taskil,derpp,cifar10n:worse,0.393,1,0.23333333333333334,,,0
cifar10n_taskil__c10n_worse__derpp__seed1,cifar10n_taskil,derpp,cifar10n:worse,0.393,1,0.3,,,0
cifar10n_taskil__c10n_worse__derpp__seed1,cifar10n_taskil,derpp,cifar10n:worse,0.393,1,0.3666666666666667,,,0
cifar10n_taskil__c10n_worse__derpp__seed1,cifar10n_taskil,derpp,cifar10n:worse,0.393,1,0.43333333333333335,,,0
cifar10n_taskil__c10n_worse__derpp__seed1,cifar10n_taskil,derpp,cifar10n:worse,0.393,1,0.5,0.5239923224568138,0.5164046777187062,521
cifar10n_taskil__c10n_worse__derpp__seed1,cifar10n_taskil,derpp,cifar10n:worse,0.393,1,0.5666666666666667,0.5374087591240876,0.5663870966782535,1096
cifar10n_taskil__c10n_worse__derpp__seed1,cifar10n_taskil,derpp,cifar10n:worse,0.393,1,0.6333333333333333,0.55859375,0.6323369897436351,1024
cifar10n_taskil__c10n_worse__derpp__seed1,cifar10n_taskil,derpp,cifar10n:worse,0.393,1,0.7,0.621773288439955,0.6995599063157233,891
cifar10n_taskil__c10n_worse__derpp__seed1,cifar10n_taskil,derpp,cifar10n:worse,0.393,1,0.7666666666666666,0.6513056835637481,0.7633872485380568,651
cifar10n_taskil__c10n_worse__derpp__seed1,cifar10n_taskil,derpp,cifar10n:worse,0.393,1,0.8333333333333334,0.7328767123287672,0.82880800771931,438
cifar10n_taskil__c10n_worse__derpp__seed1,cifar10n_taskil,derpp,cifar10n:worse,0.393,1,0.9,0.8,0.8956748337972732,210
cifar10n_taskil__c10n_worse__derpp__seed1,cifar10n_taskil,derpp,cifar10n:worse,0.393,1,0.9666666666666667,0.8520710059171598,0.9752620899465663,169
cifar10n_taskil__c10n_worse__derpp__seed2,cifar10n_taskil,derpp,cifar10n:worse,0.402,2,0.03333333333333333,,,0
cifar10n_taskil__c10n_worse__derpp__seed2,cifar10n_taskil,derpp,cifar10n:worse,0.402,2,0.1,,,0
cifar10n_taskil__c10n_worse__derpp__seed2,cifar10n_taskil,derpp,cifar10n:worse,0.402,2,0.16666666666666669,,,0
cifar10n_taskil__c10n_worse__derpp__seed2,cifar10n_taskil,derpp,cifar10n:worse,0.402,2,0.23333333333333334,,,0
cifar10n_taskil__c10n_worse__derpp__seed2,cifar10n_taskil,derpp,cifar10n:worse,0.402,2,0.3,,,0
cifar10n_taskil__c10n_worse__derpp__seed2,cifar10n_taskil,derpp,cifar10n:worse,0.402,2,0.3666666666666667,,,0
cifar10n_taskil__c10n_worse__derpp__seed2,cifar10n_taskil,derpp,cifar10n:worse,0.402,2,0.43333333333333335,,,0
cifar10n_taskil__c10n_worse__derpp__seed2,cifar10n_taskil,derpp,cifar10n:worse,0.402,2,0.5,0.5138888888888888,0.5166407905427026,648
cifar10n_taskil__c10n_worse__derpp__seed2,cifar10n_taskil,derpp,cifar10n:worse,0.402,2,0.5666666666666667,0.5193097781429745,0.5662330699045343,1217
cifar10n_taskil__c10n_worse__derpp__seed2,cifar10n_taskil,derpp,cifar10n:worse,0.402,2,0.6333333333333333,0.5334685598377282,0.6319740533103324,986
cifar10n_taskil__c10n_worse__derpp__seed2,cifar10n_taskil,derpp,cifar10n:worse,0.402,2,0.7,0.5609452736318408,0.6995274688473981,804
cifar10n_taskil__c10n_worse__derpp__seed2,cifar10n_taskil,derpp,cifar10n:worse,0.402,2,0.7666666666666666,0.5512605042016807,0.7635308681415911,595
cifar10n_taskil__c10n_worse__derpp__seed2,cifar10n_taskil,derpp,cifar10n:worse,0.402,2,0.8333333333333334,0.642512077294686,0.8316002296652771,414
cifar10n_taskil__c10n_worse__derpp__seed2,cifar10n_taskil,derpp,cifar10n:worse,0.402,2,0.9,0.6896551724137931,0.8969447603627639,261
cifar10n_taskil__c10n_worse__derpp__seed2,cifar10n_taskil,derpp,cifar10n:worse,0.402,2,0.9666666666666667,0.7733333333333333,0.9530873632431031,75
cifar10n_taskil__c10n_worse__derpp__seed3,cifar10n_taskil,derpp,cifar10n:worse,0.389,3,0.03333333333333333,,,0
cifar10n_taskil__c10n_worse__derpp__seed3,cifar10n_taskil,derpp,cifar10n:worse,0.389,3,0.1,,,0
cifar10n_taskil__c10n_worse__derpp__seed3,cifar10n_taskil,derpp,cifar10n:worse,0.389,3,0.16666666666666669,,,0
cifar10n_taskil__c10n_worse__derpp__seed3,cifar10n_taskil,derpp,cifar10n:worse,0.389,3,0.23333333333333334,,,0
cifar10n_taskil__c10n_worse__derpp__seed3,cifar10n_taskil,derpp,cifar10n:worse,0.389,3,0.3,,,0
cifar10n_taskil__c10n_worse__derpp__seed3,cifar10n_taskil,derpp,cifar10n:worse,0.389,3,0.3666666666666667,,,0
cifar10n_taskil__c10n_worse__derpp__seed3,cifar10n_taskil,derpp,cifar10n:worse,0.389,3,0.43333333333333335,,,0
cifar10n_taskil__c10n_worse__derpp__seed3,cifar10n_taskil,derpp,cifar10n:worse,0.389,3,0.5,0.5195530726256983,0.5169193395023239,716
cifar10n_taskil__c10n_worse__derpp__seed3,cifar10n_taskil,derpp,cifar10n:worse,0.389,3,0.5666666666666667,0.5423340961098398,0.5651946605661278,1311
cifar10n_taskil__c10n_worse__derpp__seed3,cifar10n_taskil,derpp,cifar10n:worse,0.389,3,0.6333333333333333,0.5915750915750916,0.631757201947572,1092
cifar10n_taskil__c10n_worse__derpp__seed3,cifar10n_taskil,derpp,cifar10n:worse,0.389,3,0.7,0.625421822272216,0.6979078989061113,889
cifar10n_taskil__c10n_worse__derpp__seed3,cifar10n_taskil,derpp,cifar10n:worse,0.389,3,0.7666666666666666,0.7225130890052356,0.7649421343420605,573
cifar10n_taskil__c10n_worse__derpp__seed3,cifar10n_taskil,derpp,cifar10n:worse,0.389,3,0.8333333333333334,0.7178423236514523,0.8269410608220397,241
cifar10n_taskil__c10n_worse__derpp__seed3,cifar10n_taskil,derpp,cifar10n:worse,0.389,3,0.9,0.7090909090909091,0.8962275754321706,110
cifar10n_taskil__c10n_worse__derpp__seed3,cifar10n_taskil,derpp,cifar10n:worse,0.389,3,0.9666666666666667,0.7058823529411765,0.9733381201239193,68
cifar10n_taskil__c10n_worse__derpp__seed4,cifar10n_taskil,derpp,cifar10n:worse,0.4,4,0.03333333333333333,,,0
cifar10n_taskil__c10n_worse__derpp__seed4,cifar10n_taskil,derpp,cifar10n:worse,0.4,4,0.1,,,0
cifar10n_taskil__c10n_worse__derpp__seed4,cifar10n_taskil,derpp,cifar10n:worse,0.4,4,0.16666666666666669,,,0
cifar10n_taskil__c10n_worse__derpp__seed4,cifar10n_taskil,derpp,cifar10n:worse,0.4,4,0.23333333333333334,,,0
cifar10n_taskil__c10n_worse__derpp__seed4,cifar10n_taskil,derpp,cifar10n:worse,0.4,4,0.3,,,0
cifar10n_taskil__c10n_worse__derpp__seed4,cifar10n_taskil,derpp,cifar10n:worse,0.4,4,0.3666666666666667,,,0
cifar10n_taskil__c10n_worse__derpp__seed4,cifar10n_taskil,derpp,cifar10n:worse,0.4,4,0.43333333333333335,,,0
cifar10n_taskil__c10n_worse__derpp__seed4,cifar10n_taskil,derpp,cifar10n:worse,0.4,4,0.5,0.5196078431372549,0.5168770762050853,510
cifar10n_taskil__c10n_worse__derpp__seed4,cifar10n_taskil,derpp,cifar10n:worse,0.4,4,0.5666666666666667,0.5639810426540285,0.5673168449605246,1055
cifar10n_taskil__c10n_worse__derpp__seed4,cifar10n_taskil,derpp,cifar10n:worse,0.4,4,0.6333333333333333,0.5717054263565892,0.6321235878407493,1032
cifar10n_taskil__c10n_worse__derpp__seed4,cifar10n_taskil,derpp,cifar10n:worse,0.4,4,0.7,0.5980810234541578,0.69940588799621,938
cifar10n_taskil__c10n_worse__derpp__seed4,cifar10n_taskil,derpp,cifar10n:worse,0.4,4,0.7666666666666666,0.6529492455418381,0.7651213839220903,729
cifar10n_taskil__c10n_worse__derpp__seed4,cifar10n_taskil,derpp,cifar10n:worse,0.4,4,0.8333333333333334,0.6947890818858561,0.8305129975302343,403
cifar10n_taskil__c10n_worse__derpp__seed4,cifar10n_taskil,derpp,cifar10n:worse,0.4,4,0.9,0.8253968253968254,0.8967012069212696,189
cifar10n_taskil__c10n_worse__derpp__seed4,cifar10n_taskil,derpp,cifar10n:worse,0.4,4,0.9666666666666667,0.8819444444444444,0.971201485229863,144
cifar10n_taskil__c10n_worse__er__seed0,cifar10n_taskil,er,cifar10n:worse,0.4,0,0.03333333333333333,,,0
cifar10n_taskil__c10n_worse__er__seed0,cifar10n_taskil,er,cifar10n:worse,0.4,0,0.1,,,0
cifar10n_taskil__c10n_worse__er__seed0,cifar10n_taskil,er,cifar10n:worse,0.4,0,0.16666666666666669,,,0
cifar10n_taskil__c10n_worse__er__seed0,cifar10n_taskil,er,cifar10n:worse,0.4,0,0.23333333333333334,,,0
cifar10n_taskil__c10n_worse__er__seed0,cifar10n_taskil,er,cifar10n:worse,0.4,0,0.3,,,0
cifar10n_taskil__c10n_worse__er__seed0,cifar10n_taskil,er,cifar10n:worse,0.4,0,0.3666666666666667,,,0
cifar10n_taskil__c10n_worse__er__seed0,cifar10n_taskil,er,cifar10n:worse,0.4,0,0.43333333333333335,,,0
cifar10n_taskil__c10n_worse__er__seed0,cifar10n_taskil,er,cifar10n:worse,0.4,0,0.5,0.5725806451612904,0.5161211394494579,124
cifar10n_taskil__c10n_worse__er__seed0,cifar10n_taskil,er,cifar10n:worse,0.4,0,0.5666666666666667,0.5131086142322098,0.5672836433189192,267
cifar10n_taskil__c10n_worse__er__seed0,cifar10n_taskil,er,cifar10n:worse,0.4,0,0.6333333333333333,0.4666666666666667,0.6352071255445481,240
cifar10n_taskil__c10n_worse__er__seed0,cifar10n_taskil,er,cifar10n:worse,0.4,0,0.7,0.4934640522875817,0.7010793259330824,306
cifar10n_taskil__c10n_worse__er__seed0,cifar10n_taskil,er,cifar10n:worse,0.4,0,0.7666666666666666,0.4954682779456193,0.769083199364181,331
cifar10n_taskil__c10n_worse__er__seed0,cifar10n_taskil,er,cifar10n:worse,0.4,0,0.8333333333333334,0.5213483146067416,0.8350435708345992,445
cifar10n_taskil__c10n_worse__er__seed0,cifar10n_taskil,er,cifar10n:worse,0.4,0,0.9,0.5583203732503889,0.903611059878514,643
cifar10n_taskil__c10n_worse__er__seed0,cifar10n_taskil,er,cifar10n:worse,0.4,0,0.9666666666666667,0.5926626323751891,0.9834806399924312,2644
cifar10n_taskil__c10n_worse__er__seed1,cifar10n_taskil,er,cifar10n:worse,0.393,1,0.03333333333333333,,,0
cifar10n_taskil__c10n_worse__er__seed1,cifar10n_taskil,er,cifar10n:worse,0.393,1,0.1,,,0
cifar10n_taskil__c10n_worse__er__seed1,cifar10n_taskil,er,cifar10n:worse,0.393,1,0.16666666666666669,,,0
cifar10n_taskil__c10n_worse__er__seed1,cifar10n_taskil,er,cifar10n:worse,0.393,1,0.23333333333333334,,,0
cifar10n_taskil__c10n_worse__er__seed1,cifar10n_taskil,er,cifar10n:worse,0.393,1,0.3,,,0
cifar10n_taskil__c10n_worse__er__seed1,cifar10n_taskil,er,cifar10n:worse,0.393,1,0.3666666666666667,,,0
cifar10n_taskil__c10n_worse__er__seed1,cifar10n_taskil,er,cifar10n:worse,0.393,1,0.43333333333333335,,,0
cifar10n_taskil__c10n_worse__er__seed1,cifar10n_taskil,er,cifar10n:worse,0.393,1,0.5,0.4117647058823529,0.5169010477907517,102
cifar10n_taskil__c10n_worse__er__seed1,cifar10n_taskil,er,cifar10n:worse,0.393,1,0.5666666666666667,0.5078740157480315,0.5664539421637227,254
cifar10n_taskil__c10n_worse__er__seed1,cifar10n_taskil,er,cifar10n:worse,0.393,1,0.6333333333333333,0.4696969696969697,0.6320009448311545,264
cifar10n_taskil__c10n_worse__er__seed1,cifar10n_taskil,er,cifar10n:worse,0.393,1,0.7,0.4722222222222222,0.7019567473067178,288
cifar10n_taskil__c10n_worse__er__seed1,cifar10n_taskil,er,cifar10n:worse,0.393,1,0.7666666666666666,0.5193370165745856,0.7683347218273753,362
cifar10n_taskil__c10n_worse__er__seed1,cifar10n_taskil,er,cifar10n:worse,0.393,1,0.8333333333333334,0.5264423076923077,0.8345885445865301,416
cifar10n_taskil__c10n_worse__er__seed1,cifar10n_taskil,er,cifar10n:worse,0.393,1,0.9,0.5426229508196722,0.9020885410856028,610
cifar10n_taskil__c10n_worse__er__seed1,cifar10n_taskil,er,cifar10n:worse,0.393,1,0.9666666666666667,0.5613905325443787,0.9827678166329861,2704
cifar10n_taskil__c10n_worse__er__seed2,cifar10n_taskil,er,cifar10n:worse,0.402,2,0.03333333333333333,,,0
cifar10n_taskil__c10n_worse__er__seed2,cifar10n_taskil,er,cifar10n:worse,0.402,2,0.1,,,0
cifar10n_taskil__c10n_worse__er__seed2,cifar10n_taskil,er,cifar10n:worse,0.402,2,0.16666666666666669,,,0
cifar10n_taskil__c10n_worse__er__seed2,cifar10n_taskil,er,cifar10n:worse,0.402,2,0.23333333333333334,,,0
cifar10n_taskil__c10n_worse__er__seed2,cifar10n_taskil,er,cifar10n:worse,0.402,2,0.3,,,0
cifar10n_taskil__c10n_worse__er__seed2,cifar10n_taskil,er,cifar10n:worse,0.402,2,0.3666666666666667,,,0
cifar10n_taskil__c10n_worse__er__seed2,cifar10n_taskil,er,cifar10n:worse,0.402,2,0.43333333333333335,,,0
cifar10n_taskil__c10n_worse__er__seed2,cifar10n_taskil,er,cifar10n:worse,0.402,2,0.5,0.5214285714285715,0.5168069281748363,140
cifar10n_taskil__c10n_worse__er__seed2,cifar10n_taskil,er,cifar10n:worse,0.402,2,0.5666666666666667,0.47157190635451507,0.5698418517575217,299
cifar10n_taskil__c10n_worse__er__seed2,cifar10n_taskil,er,cifar10n:worse,0.402,2,0.6333333333333333,0.4953560371517028,0.6338580741601831,323
cifar10n_taskil__c10n_worse__er__seed2,cifar10n_taskil,er,cifar10n:worse,0.402,2,0.7,0.48825065274151436,0.7007635470781252,383
cifar10n_taskil__c10n_worse__er__seed2,cifar10n_taskil,er,cifar10n:worse,0.402,2,0.7666666666666666,0.5355450236966824,0.7664936694771193,422
cifar10n_taskil__c10n_worse__er__seed2,cifar10n_taskil,er,cifar10n:worse,0.402,2,0.8333333333333334,0.5281124497991968,0.8349070531058024,498
cifar10n_taskil__c10n_worse__er__seed2,cifar10n_taskil,er,cifar10n:worse,0.402,2,0.9,0.5879828326180258,0.9021630832906786,699
cifar10n_taskil__c10n_worse__er__seed2,cifar10n_taskil,er,cifar10n:worse,0.402,2,0.9666666666666667,0.5782647584973166,0.9792853132130208,2236
cifar10n_taskil__c10n_worse__er__seed3,cifar10n_taskil,er,cifar10n:worse,0.389,3,0.03333333333333333,,,0
cifar10n_taskil__c10n_worse__er__seed3,cifar10n_taskil,er,cifar10n:worse,0.389,3,0.1,,,0
cifar10n_taskil__c10n_worse__er__seed3,cifar10n_taskil,er,cifar10n:worse,0.389,3,0.16666666666666669,,,0
cifar10n_taskil__c10n_worse__er__seed3,cifar10n_taskil,er,cifar10n:worse,0.389,3,0.23333333333333334,,,0
cifar10n_taskil__c10n_worse__er__seed3,cifar10n_taskil,er,cifar10n:worse,0.389,3,0.3,,,0
cifar10n_taskil__c10n_worse__er__seed3,cifar10n_taskil,er,cifar10n:worse,0.389,3,0.3666666666666667,,,0
cifar10n_taskil__c10n_worse__er__seed3,cifar10n_taskil,er,cifar10n:worse,0.389,3,0.43333333333333335,,,0
cifar10n_taskil__c10n_worse__er__seed3,cifar10n_taskil,er,cifar10n:worse,0.389,3,0.5,0.49645390070921985,0.5176746020925805,141
cifar10n_taskil__c10n_worse__er__seed3,cifar10n_taskil,er,cifar10n:worse,0.389,3,0.5666666666666667,0.5559440559440559,0.5678028095435429,286
cifar10n_taskil__c10n_worse__er__seed3,cifar10n_taskil,er,cifar10n:worse,0.389,3,0.6333333333333333,0.5643564356435643,0.6337138001281436,303
cifar10n_taskil__c10n_worse__er__seed3,cifar10n_taskil,er,cifar10n:worse,0.389,3,0.7,0.5,0.699783408280575,330
cifar10n_taskil__c10n_worse__er__seed3,cifar10n_taskil,er,cifar10n:worse,0.389,3,0.7666666666666666,0.5384615384615384,0.7681495153326594,351
cifar10n_taskil__c10n_worse__er__seed3,cifar10n_taskil,er,cifar10n:worse,0.389,3,0.8333333333333334,0.4854586129753915,0.8334414809608887,447
cifar10n_taskil__c10n_worse__er__seed3,cifar10n_taskil,er,cifar10n:worse,0.389,3,0.9,0.5421303656597775,0.9034029388465639,629
cifar10n_taskil__c10n_worse__er__seed3,cifar10n_taskil,er,cifar10n:worse,0.389,3,0.9666666666666667,0.581774771189813,0.983989504813389,2513
cifar10n_taskil__c10n_worse__er__seed4,cifar10n_taskil,er,cifar10n:worse,0.4,4,0.03333333333333333,,,0
cifar10n_taskil__c10n_worse__er__seed4,cifar10n_taskil,er,cifar10n:worse,0.4,4,0.1,,,0
cifar10n_taskil__c10n_worse__er__seed4,cifar10n_taskil,er,cifar10n:worse,0.4,4,0.16666666666666669,,,0
cifar10n_taskil__c10n_worse__er__seed4,cifar10n_taskil,er,cifar10n:worse,0.4,4,0.23333333333333334,,,0
cifar10n_taskil__c10n_worse__er__seed4,cifar10n_taskil,er,cifar10n:worse,0.4,4,0.3,,,0
cifar10n_taskil__c10n_worse__er__seed4,cifar10n_taskil,er,cifar10n:worse,0.4,4,0.3666666666666667,,,0
cifar10n_taskil__c10n_worse__er__seed4,cifar10n_taskil,er,cifar10n:worse,0.4,4,0.43333333333333335,,,0
cifar10n_taskil__c10n_worse__er__seed4,cifar10n_taskil,er,cifar10n:worse,0.4,4,0.5,0.3961038961038961,0.5181468427181244,154
cifar10n_taskil__c10n_worse__er__seed4,cifar10n_taskil,er,cifar10n:worse,0.4,4,0.5666666666666667,0.4878048780487805,0.5674377166158785,369
cifar10n_taskil__c10n_worse__er__seed4,cifar10n_taskil,er,cifar10n:worse,0.4,4,0.6333333333333333,0.4946524064171123,0.6343289126049388,374
cifar10n_taskil__c10n_worse__er__seed4,cifar10n_taskil,er,cifar10n:worse,0.4,4,0.7,0.5294117647058824,0.6983474928108766,374
cifar10n_taskil__c10n_worse__er__seed4,cifar10n_taskil,er,cifar10n:worse,0.4,4,0.7666666666666666,0.5452380952380952,0.7670141853037334,420
cifar10n_taskil__c10n_worse__er__seed4,cifar10n_taskil,er,cifar10n:worse,0.4,4,0.8333333333333334,0.5930232558139535,0.8337581493133722,430
cifar10n_taskil__c10n_worse__er__seed4,cifar10n_taskil,er,cifar10n:worse,0.4,4,0.9,0.5359019264448336,0.9013325990603391,571
cifar10n_taskil__c10n_worse__er__seed4,cifar10n_taskil,er,cifar10n:worse,0.4,4,0.9666666666666667,0.5922876949740035,0.9837887152332161,2308
cifar10n_taskil__c10n_worse__gate_conf__seed0,cifar10n_taskil,gate_conf,cifar10n:worse,0.4,0,0.03333333333333333,,,0
cifar10n_taskil__c10n_worse__gate_conf__seed0,cifar10n_taskil,gate_conf,cifar10n:worse,0.4,0,0.1,,,0
cifar10n_taskil__c10n_worse__gate_conf__seed0,cifar10n_taskil,gate_conf,cifar10n:worse,0.4,0,0.16666666666666669,,,0
cifar10n_taskil__c10n_worse__gate_conf__seed0,cifar10n_taskil,gate_conf,cifar10n:worse,0.4,0,0.23333333333333334,,,0
cifar10n_taskil__c10n_worse__gate_conf__seed0,cifar10n_taskil,gate_conf,cifar10n:worse,0.4,0,0.3,,,0
cifar10n_taskil__c10n_worse__gate_conf__seed0,cifar10n_taskil,gate_conf,cifar10n:worse,0.4,0,0.3666666666666667,,,0
cifar10n_taskil__c10n_worse__gate_conf__seed0,cifar10n_taskil,gate_conf,cifar10n:worse,0.4,0,0.43333333333333335,,,0
cifar10n_taskil__c10n_worse__gate_conf__seed0,cifar10n_taskil,gate_conf,cifar10n:worse,0.4,0,0.5,0.484472049689441,0.5173850814748254,161
cifar10n_taskil__c10n_worse__gate_conf__seed0,cifar10n_taskil,gate_conf,cifar10n:worse,0.4,0,0.5666666666666667,0.4605263157894737,0.5660109886605489,304
cifar10n_taskil__c10n_worse__gate_conf__seed0,cifar10n_taskil,gate_conf,cifar10n:worse,0.4,0,0.6333333333333333,0.4728434504792332,0.6339348383224048,313
cifar10n_taskil__c10n_worse__gate_conf__seed0,cifar10n_taskil,gate_conf,cifar10n:worse,0.4,0,0.7,0.478125,0.7016237404197454,320
cifar10n_taskil__c10n_worse__gate_conf__seed0,cifar10n_taskil,gate_conf,cifar10n:worse,0.4,0,0.7666666666666666,0.5052083333333334,0.7673478171539804,384
cifar10n_taskil__c10n_worse__gate_conf__seed0,cifar10n_taskil,gate_conf,cifar10n:worse,0.4,0,0.8333333333333334,0.5261121856866537,0.8355667841273073,517
cifar10n_taskil__c10n_worse__gate_conf__seed0,cifar10n_taskil,gate_conf,cifar10n:worse,0.4,0,0.9,0.5798561151079137,0.9017383658628669,695
cifar10n_taskil__c10n_worse__gate_conf__seed0,cifar10n_taskil,gate_conf,cifar10n:worse,0.4,0,0.9666666666666667,0.6170858629661752,0.9805710566684875,2306
cifar10n_taskil__c10n_worse__gate_conf__seed1,cifar10n_taskil,gate_conf,cifar10n:worse,0.393,1,0.03333333333333333,,,0
cifar10n_taskil__c10n_worse__gate_conf__seed1,cifar10n_taskil,gate_conf,cifar10n:worse,0.393,1,0.1,,,0
cifar10n_taskil__c10n_worse__gate_conf__seed1,cifar10n_taskil,gate_conf,cifar10n:worse,0.393,1,0.16666666666666669,,,0
cifar10n_taskil__c10n_worse__gate_conf__seed1,cifar10n_taskil,gate_conf,cifar10n:worse,0.393,1,0.23333333333333334,,,0
cifar10n_taskil__c10n_worse__gate_conf__seed1,cifar10n_taskil,gate_conf,cifar10n:worse,0.393,1,0.3,,,0
cifar10n_taskil__c10n_worse__gate_conf__seed1,cifar10n_taskil,gate_conf,cifar10n:worse,0.393,1,0.3666666666666667,,,0
cifar10n_taskil__c10n_worse__gate_conf__seed1,cifar10n_taskil,gate_conf,cifar10n:worse,0.393,1,0.43333333333333335,,,0
cifar10n_taskil__c10n_worse__gate_conf__seed1,cifar10n_taskil,gate_conf,cifar10n:worse,0.393,1,0.5,0.5087719298245614,0.5169501600906863,171
cifar10n_taskil__c10n_worse__gate_conf__seed1,cifar10n_taskil,gate_conf,cifar10n:worse,0.393,1,0.5666666666666667,0.5346260387811634,0.5681646055131738,361
cifar10n_taskil__c10n_worse__gate_conf__seed1,cifar10n_taskil,gate_conf,cifar10n:worse,0.393,1,0.6333333333333333,0.5904255319148937,0.6338584871685251,376
cifar10n_taskil__c10n_worse__gate_conf__seed1,cifar10n_taskil,gate_conf,cifar10n:worse,0.393,1,0.7,0.5691056910569106,0.6993913466368264,369
cifar10n_taskil__c10n_worse__gate_conf__seed1,cifar10n_taskil,gate_conf,cifar10n:worse,0.393,1,0.7666666666666666,0.532608695652174,0.7675516523744749,460
cifar10n_taskil__c10n_worse__gate_conf__seed1,cifar10n_taskil,gate_conf,cifar10n:worse,0.393,1,0.8333333333333334,0.6222664015904572,0.8358163119073416,503
cifar10n_taskil__c10n_worse__gate_conf__seed1,cifar10n_taskil,gate_conf,cifar10n:worse,0.393,1,0.9,0.5773993808049536,0.9025740479537208,646
cifar10n_taskil__c10n_worse__gate_conf__seed1,cifar10n_taskil,gate_conf,cifar10n:worse,0.393,1,0.9666666666666667,0.619678334910123,0.9802376540798902,2114
cifar10n_taskil__c10n_worse__gate_conf__seed2,cifar10n_taskil,gate_conf,cifar10n:worse,0.402,2,0.03333333333333333,,,0
cifar10n_taskil__c10n_worse__gate_conf__seed2,cifar10n_taskil,gate_conf,cifar10n:worse,0.402,2,0.1,,,0
cifar10n_taskil__c10n_worse__gate_conf__seed2,cifar10n_taskil,gate_conf,cifar10n:worse,0.402,2,0.16666666666666669,,,0
cifar10n_taskil__c10n_worse__gate_conf__seed2,cifar10n_taskil,gate_conf,cifar10n:worse,0.402,2,0.23333333333333334,,,0
cifar10n_taskil__c10n_worse__gate_conf__seed2,cifar10n_taskil,gate_conf,cifar10n:worse,0.402,2,0.3,,,0
cifar10n_taskil__c10n_worse__gate_conf__seed2,cifar10n_taskil,gate_conf,cifar10n:worse,0.402,2,0.3666666666666667,,,0
cifar10n_taskil__c10n_worse__gate_conf__seed2,cifar10n_taskil,gate_conf,cifar10n:worse,0.402,2,0.43333333333333335,,,0
cifar10n_taskil__c10n_worse__gate_conf__seed2,cifar10n_taskil,gate_conf,cifar10n:worse,0.402,2,0.5,0.4857142857142857,0.5169287030185972,140
cifar10n_taskil__c10n_worse__gate_conf__seed2,cifar10n_taskil,gate_conf,cifar10n:worse,0.402,2,0.5666666666666667,0.5233333333333333,0.5666537312666575,300
cifar10n_taskil__c10n_worse__gate_conf__seed2,cifar10n_taskil,gate_conf,cifar10n:worse,0.402,2,0.6333333333333333,0.5144694533762058,0.6319208198804948,311
cifar10n_taskil__c10n_worse__gate_conf__seed2,cifar10n_taskil,gate_conf,cifar10n:worse,0.402,2,0.7,0.5377906976744186,0.7009018349439599,344
cifar10n_taskil__c10n_worse__gate_conf__seed2,cifar10n_taskil,gate_conf,cifar10n:worse,0.402,2,0.7666666666666666,0.5593667546174143,0.7680344995219349,379
cifar10n_taskil__c10n_worse__gate_conf__seed2,cifar10n_taskil,gate_conf,cifar10n:worse,0.402,2,0.8333333333333334,0.5733041575492341,0.8353244907485577,457
cifar10n_taskil__c10n_worse__gate_conf__seed2,cifar10n_taskil,gate_conf,cifar10n:worse,0.402,2,0.9,0.6086956521739131,0.9022993119058593,621
cifar10n_taskil__c10n_worse__gate_conf__seed2,cifar10n_taskil,gate_conf,cifar10n:worse,0.402,2,0.9666666666666667,0.625,0.9837416259243208,2448
cifar10n_taskil__c10n_worse__gate_conf__seed3,cifar10n_taskil,gate_conf,cifar10n:worse,0.389,3,0.03333333333333333,,,0
cifar10n_taskil__c10n_worse__gate_conf__seed3,cifar10n_taskil,gate_conf,cifar10n:worse,0.389,3,0.1,,,0
cifar10n_taskil__c10n_worse__gate_conf__seed3,cifar10n_taskil,gate_conf,cifar10n:worse,0.389,3,0.16666666666666669,,,0
cifar10n_taskil__c10n_worse__gate_conf__seed3,cifar10n_taskil,gate_conf,cifar10n:worse,0.389,3,0.23333333333333334,,,0
cifar10n_taskil__c10n_worse__gate_conf__seed3,cifar10n_taskil,gate_conf,cifar10n:worse,0.389,3,0.3,,,0
cifar10n_taskil__c10n_worse__gate_conf__seed3,cifar10n_taskil,gate_conf,cifar10n:worse,0.389,3,0.3666666666666667,,,0
cifar10n_taskil__c10n_worse__gate_conf__seed3,cifar10n_taskil,gate_conf,cifar10n:worse,0.389,3,0.43333333333333335,,,0
cifar10n_taskil__c10n_worse__gate_conf__seed3,cifar10n_taskil,gate_conf,cifar10n:worse,0.389,3,0.5,0.5070422535211268,0.5172258850554345,142
cifar10n_taskil__c10n_worse__gate_conf__seed3,cifar10n_taskil,gate_conf,cifar10n:worse,0.389,3,0.5666666666666667,0.5164179104477612,0.5671081692425173,335
cifar10n_taskil__c10n_worse__gate_conf__seed3,cifar10n_taskil,gate_conf,cifar10n:worse,0.389,3,0.6333333333333333,0.5283018867924528,0.633145032438842,318
cifar10n_taskil__c10n_worse__gate_conf__seed3,cifar10n_taskil,gate_conf,cifar10n:worse,0.389,3,0.7,0.5649717514124294,0.6986515230714938,354
cifar10n_taskil__c10n_worse__gate_conf__seed3,cifar10n_taskil,gate_conf,cifar10n:worse,0.389,3,0.7666666666666666,0.5493975903614458,0.7672891161527978,415
cifar10n_taskil__c10n_worse__gate_conf__seed3,cifar10n_taskil,gate_conf,cifar10n:worse,0.389,3,0.8333333333333334,0.592901878914405,0.8329147461311802,479
cifar10n_taskil__c10n_worse__gate_conf__seed3,cifar10n_taskil,gate_conf,cifar10n:worse,0.389,3,0.9,0.5522620904836193,0.9009629810656102,641
cifar10n_taskil__c10n_worse__gate_conf__seed3,cifar10n_taskil,gate_conf,cifar10n:worse,0.389,3,0.9666666666666667,0.6152849740932642,0.9829326290283384,2316
cifar10n_taskil__c10n_worse__gate_conf__seed4,cifar10n_taskil,gate_conf,cifar10n:worse,0.4,4,0.03333333333333333,,,0
cifar10n_taskil__c10n_worse__gate_conf__seed4,cifar10n_taskil,gate_conf,cifar10n:worse,0.4,4,0.1,,,0
cifar10n_taskil__c10n_worse__gate_conf__seed4,cifar10n_taskil,gate_conf,cifar10n:worse,0.4,4,0.16666666666666669,,,0
cifar10n_taskil__c10n_worse__gate_conf__seed4,cifar10n_taskil,gate_conf,cifar10n:worse,0.4,4,0.23333333333333334,,,0
cifar10n_taskil__c10n_worse__gate_conf__seed4,cifar10n_taskil,gate_conf,cifar10n:worse,0.4,4,0.3,,,0
cifar10n_taskil__c10n_worse__gate_conf__seed4,cifar10n_taskil,gate_conf,cifar10n:worse,0.4,4,0.3666666666666667,,,0
cifar10n_taskil__c10n_worse__gate_conf__seed4,cifar10n_taskil,gate_conf,cifar10n:worse,0.4,4,0.43333333333333335,,,0
cifar10n_taskil__c10n_worse__gate_conf__seed4,cifar10n_taskil,gate_conf,cifar10n:worse,0.4,4,0.5,0.5327102803738317,0.5170811414718628,107
cifar10n_taskil__c10n_worse__gate_conf__seed4,cifar10n_taskil,gate_conf,cifar10n:worse,0.4,4,0.5666666666666667,0.4881889763779528,0.5658473973199138,254
cifar10n_taskil__c10n_worse__gate_conf__seed4,cifar10n_taskil,gate_conf,cifar10n:worse,0.4,4,0.6333333333333333,0.5732217573221757,0.6353380196264099,239
cifar10n_taskil__c10n_worse__gate_conf__seed4,cifar10n_taskil,gate_conf,cifar10n:worse,0.4,4,0.7,0.5161290322580645,0.7005391264047247,279
cifar10n_taskil__c10n_worse__gate_conf__seed4,cifar10n_taskil,gate_conf,cifar10n:worse,0.4,4,0.7666666666666666,0.5688073394495413,0.7697473529281966,327
cifar10n_taskil__c10n_worse__gate_conf__seed4,cifar10n_taskil,gate_conf,cifar10n:worse,0.4,4,0.8333333333333334,0.5737704918032787,0.8353198021301341,427
cifar10n_taskil__c10n_worse__gate_conf__seed4,cifar10n_taskil,gate_conf,cifar10n:worse,0.4,4,0.9,0.574750830564784,0.903352290490933,602
cifar10n_taskil__c10n_worse__gate_conf__seed4,cifar10n_taskil,gate_conf,cifar10n:worse,0.4,4,0.9666666666666667,0.6578661844484629,0.985279528400566,2765
cifar10n_taskil__c10n_worse__gate_loss__seed0,cifar10n_taskil,gate_loss,cifar10n:worse,0.4,0,0.03333333333333333,,,0
cifar10n_taskil__c10n_worse__gate_loss__seed0,cifar10n_taskil,gate_loss,cifar10n:worse,0.4,0,0.1,,,0
cifar10n_taskil__c10n_worse__gate_loss__seed0,cifar10n_taskil,gate_loss,cifar10n:worse,0.4,0,0.16666666666666669,,,0
cifar10n_taskil__c10n_worse__gate_loss__seed0,cifar10n_taskil,gate_loss,cifar10n:worse,0.4,0,0.23333333333333334,,,0
cifar10n_taskil__c10n_worse__gate_loss__seed0,cifar10n_taskil,gate_loss,cifar10n:worse,0.4,0,0.3,,,0
cifar10n_taskil__c10n_worse__gate_loss__seed0,cifar10n_taskil,gate_loss,cifar10n:worse,0.4,0,0.3666666666666667,,,0
cifar10n_taskil__c10n_worse__gate_loss__seed0,cifar10n_taskil,gate_loss,cifar10n:worse,0.4,0,0.43333333333333335,,,0
cifar10n_taskil__c10n_worse__gate_loss__seed0,cifar10n_taskil,gate_loss,cifar10n:worse,0.4,0,0.5,0.5444444444444444,0.5170705255534914,180
cifar10n_taskil__c10n_worse__gate_loss__seed0,cifar10n_taskil,gate_loss,cifar10n:worse,0.4,0,0.5666666666666667,0.49834983498349833,0.5679600197489899,303
cifar10n_taskil__c10n_worse__gate_loss__seed0,cifar10n_taskil,gate_loss,cifar10n:worse,0.4,0,0.6333333333333333,0.48942598187311176,0.634031577953039,331
cifar10n_taskil__c10n_worse__gate_loss__seed0,cifar10n_taskil,gate_loss,cifar10n:worse,0.4,0,0.7,0.5146666666666667,0.7005457212130228,375
cifar10n_taskil__c10n_worse__gate_loss__seed0,cifar10n_taskil,gate_loss,cifar10n:worse,0.4,0,0.7666666666666666,0.5439024390243903,0.7666871538976344,410
cifar10n_taskil__c10n_worse__gate_loss__seed0,cifar10n_taskil,gate_loss,cifar10n:worse,0.4,0,0.8333333333333334,0.5735607675906184,0.8343848408158145,469
cifar10n_taskil__c10n_worse__gate_loss__seed0,cifar10n_taskil,gate_loss,cifar10n:worse,0.4,0,0.9,0.6021341463414634,0.9021084139623293,656
cifar10n_taskil__c10n_worse__gate_loss__seed0,cifar10n_taskil,gate_loss,cifar10n:worse,0.4,0,0.9666666666666667,0.6423550087873462,0.9833653628145245,2276
cifar10n_taskil__c10n_worse__gate_loss__seed1,cifar10n_taskil,gate_loss,cifar10n:worse,0.393,1,0.03333333333333333,,,0
cifar10n_taskil__c10n_worse__gate_loss__seed1,cifar10n_taskil,gate_loss,cifar10n:worse,0.393,1,0.1,,,0
cifar10n_taskil__c10n_worse__gate_loss__seed1,cifar10n_taskil,gate_loss,cifar10n:worse,0.393,1,0.16666666666666669,,,0
cifar10n_taskil__c10n_worse__gate_loss__seed1,cifar10n_taskil,gate_loss,cifar10n:worse,0.393,1,0.23333333333333334,,,0
cifar10n_taskil__c10n_worse__gate_loss__seed1,cifar10n_taskil,gate_loss,cifar10n:worse,0.393,1,0.3,,,0
cifar10n_taskil__c10n_worse__gate_loss__seed1,cifar10n_taskil,gate_loss,cifar10n:worse,0.393,1,0.3666666666666667,,,0
cifar10n_taskil__c10n_worse__gate_loss__seed1,cifar10n_taskil,gate_loss,cifar10n:worse,0.393,1,0.43333333333333335,,,0
cifar10n_taskil__c10n_worse__gate_loss__seed1,cifar10n_taskil,gate_loss,cifar10n:worse,0.393,1,0.5,0.4567901234567901,0.5175180803110571,162
cifar10n_taskil__c10n_worse__gate_loss__seed1,cifar10n_taskil,gate_loss,cifar10n:worse,0.393,1,0.5666666666666667,0.5189873417721519,0.5655943534419506,316
cifar10n_taskil__c10n_worse__gate_loss__seed1,cifar10n_taskil,gate_loss,cifar10n:worse,0.393,1,0.6333333333333333,0.5751445086705202,0.6335511839803244,346
cifar10n_taskil__c10n_worse__gate_loss__seed1,cifar10n_taskil,gate_loss,cifar10n:worse,0.393,1,0.7,0.5810055865921788,0.7019978275512184,358
cifar10n_taskil__c10n_worse__gate_loss__seed1,cifar10n_taskil,gate_loss,cifar10n:worse,0.393,1,0.7666666666666666,0.6015037593984962,0.7664310929171723,399
cifar10n_taskil__c10n_worse__gate_loss__seed1,cifar10n_taskil,gate_loss,cifar10n:worse,0.393,1,0.8333333333333334,0.6557734204793029,0.8345191746235933,459
cifar10n_taskil__c10n_worse__gate_loss__seed1,cifar10n_taskil,gate_loss,cifar10n:worse,0.393,1,0.9,0.6324503311258278,0.9026264437776528,604
cifar10n_taskil__c10n_worse__gate_loss__seed1,cifar10n_taskil,gate_loss,cifar10n:worse,0.393,1,0.9666666666666667,0.6595925297113752,0.9831030256224003,2356
cifar10n_taskil__c10n_worse__gate_loss__seed2,cifar10n_taskil,gate_loss,cifar10n:worse,0.402,2,0.03333333333333333,,,0
cifar10n_taskil__c10n_worse__gate_loss__seed2,cifar10n_taskil,gate_loss,cifar10n:worse,0.402,2,0.1,,,0
cifar10n_taskil__c10n_worse__gate_loss__seed2,cifar10n_taskil,gate_loss,cifar10n:worse,0.402,2,0.16666666666666669,,,0
cifar10n_taskil__c10n_worse__gate_loss__seed2,cifar10n_taskil,gate_loss,cifar10n:worse,0.402,2,0.23333333333333334,,,0
cifar10n_taskil__c10n_worse__gate_loss__seed2,cifar10n_taskil,gate_loss,cifar10n:worse,0.402,2,0.3,,,0
cifar10n_taskil__c10n_worse__gate_loss__seed2,cifar10n_taskil,gate_loss,cifar10n:worse,0.402,2,0.3666666666666667,,,0
cifar10n_taskil__c10n_worse__gate_loss__seed2,cifar10n_taskil,gate_loss,cifar10n:worse,0.402,2,0.43333333333333335,,,0
cifar10n_taskil__c10n_worse__gate_loss__seed2,cifar10n_taskil,gate_loss,cifar10n:worse,0.402,2,0.5,0.5294117647058824,0.5162477690507384,136
cifar10n_taskil__c10n_worse__gate_loss__seed2,cifar10n_taskil,gate_loss,cifar10n:worse,0.402,2,0.5666666666666667,0.46619217081850534,0.5663759203568048,281
cifar10n_taskil__c10n_worse__gate_loss__seed2,cifar10n_taskil,gate_loss,cifar10n:worse,0.402,2,0.6333333333333333,0.44802867383512546,0.6331607851076297,279
cifar10n_taskil__c10n_worse__gate_loss__seed2,cifar10n_taskil,gate_loss,cifar10n:worse,0.402,2,0.7,0.5149501661129569,0.7013468601774931,301
cifar10n_taskil__c10n_worse__gate_loss__seed2,cifar10n_taskil,gate_loss,cifar10n:worse,0.402,2,0.7666666666666666,0.4891304347826087,0.7671505131799242,368
cifar10n_taskil__c10n_worse__gate_loss__seed2,cifar10n_taskil,gate_loss,cifar10n:worse,0.402,2,0.8333333333333334,0.5348837209302325,0.835627213214971,473
cifar10n_taskil__c10n_worse__gate_loss__seed2,cifar10n_taskil,gate_loss,cifar10n:worse,0.402,2,0.9,0.5248796147672552,0.9022331327726141,623
cifar10n_taskil__c10n_worse__gate_loss__seed2,cifar10n_taskil,gate_loss,cifar10n:worse,0.402,2,0.9666666666666667,0.5797558093737692,0.9832914675394819,2539
cifar10n_taskil__c10n_worse__gate_loss__seed3,cifar10n_taskil,gate_loss,cifar10n:worse,0.389,3,0.03333333333333333,,,0
cifar10n_taskil__c10n_worse__gate_loss__seed3,cifar10n_taskil,gate_loss,cifar10n:worse,0.389,3,0.1,,,0
cifar10n_taskil__c10n_worse__gate_loss__seed3,cifar10n_taskil,gate_loss,cifar10n:worse,0.389,3,0.16666666666666669,,,0
cifar10n_taskil__c10n_worse__gate_loss__seed3,cifar10n_taskil,gate_loss,cifar10n:worse,0.389,3,0.23333333333333334,,,0
cifar10n_taskil__c10n_worse__gate_loss__seed3,cifar10n_taskil,gate_loss,cifar10n:worse,0.389,3,0.3,,,0
cifar10n_taskil__c10n_worse__gate_loss__seed3,cifar10n_taskil,gate_loss,cifar10n:worse,0.389,3,0.3666666666666667,,,0
cifar10n_taskil__c10n_worse__gate_loss__seed3,cifar10n_taskil,gate_loss,cifar10n:worse,0.389,3,0.43333333333333335,,,0
cifar10n_taskil__c10n_worse__gate_loss__seed3,cifar10n_taskil,gate_loss,cifar10n:worse,0.389,3,0.5,0.5625,0.5172305322355695,144
cifar10n_taskil__c10n_worse__gate_loss__seed3,cifar10n_taskil,gate_loss,cifar10n:worse,0.389,3,0.5666666666666667,0.5107296137339056,0.5671103297385023,233
cifar10n_taskil__c10n_worse__gate_loss__seed3,cifar10n_taskil,gate_loss,cifar10n:worse,0.389,3,0.6333333333333333,0.5271317829457365,0.6333771486615025,258
cifar10n_taskil__c10n_worse__gate_loss__seed3,cifar10n_taskil,gate_loss,cifar10n:worse,0.389,3,0.7,0.5431654676258992,0.6996562600993425,278
cifar10n_taskil__c10n_worse__gate_loss__seed3,cifar10n_taskil,gate_loss,cifar10n:worse,0.389,3,0.7666666666666666,0.5462962962962963,0.7659466156253109,324
cifar10n_taskil__c10n_worse__gate_loss__seed3,cifar10n_taskil,gate_loss,cifar10n:worse,0.389,3,0.8333333333333334,0.5489749430523918,0.8343035399506467,439
cifar10n_taskil__c10n_worse__gate_loss__seed3,cifar10n_taskil,gate_loss,cifar10n:worse,0.389,3,0.9,0.5911949685534591,0.9040627318358271,636
cifar10n_taskil__c10n_worse__gate_loss__seed3,cifar10n_taskil,gate_loss,cifar10n:worse,0.389,3,0.9666666666666667,0.6982886904761905,0.984747038200675,2688
cifar10n_taskil__c10n_worse__gate_loss__seed4,cifar10n_taskil,gate_loss,cifar10n:worse,0.4,4,0.03333333333333333,,,0
cifar10n_taskil__c10n_worse__gate_loss__seed4,cifar10n_taskil,gate_loss,cifar10n:worse,0.4,4,0.1,,,0
cifar10n_taskil__c10n_worse__gate_loss__seed4,cifar10n_taskil,gate_loss,cifar10n:worse,0.4,4,0.16666666666666669,,,0
cifar10n_taskil__c10n_worse__gate_loss__seed4,cifar10n_taskil,gate_loss,cifar10n:worse,0.4,4,0.23333333333333334,,,0
cifar10n_taskil__c10n_worse__gate_loss__seed4,cifar10n_taskil,gate_loss,cifar10n:worse,0.4,4,0.3,,,0
cifar10n_taskil__c10n_worse__gate_loss__seed4,cifar10n_taskil,gate_loss,cifar10n:worse,0.4,4,0.3666666666666667,,,0
cifar10n_taskil__c10n_worse__gate_loss__seed4,cifar10n_taskil,gate_loss,cifar10n:worse,0.4,4,0.43333333333333335,,,0
cifar10n_taskil__c10n_worse__gate_loss__seed4,cifar10n_taskil,gate_loss,cifar10n:worse,0.4,4,0.5,0.44642857142857145,0.516900976321527,112
cifar10n_taskil__c10n_worse__gate_loss__seed4,cifar10n_taskil,gate_loss,cifar10n:worse,0.4,4,0.5666666666666667,0.5272727272727272,0.5663151456551119,220
cifar10n_taskil__c10n_worse__gate_loss__seed4,cifar10n_taskil,gate_loss,cifar10n:worse,0.4,4,0.6333333333333333,0.4928909952606635,0.6323005057059193,211
cifar10n_taskil__c10n_worse__gate_loss__seed4,cifar10n_taskil,gate_loss,cifar10n:worse,0.4,4,0.7,0.5263157894736842,0.6982763004206453,247
cifar10n_taskil__c10n_worse__gate_loss__seed4,cifar10n_taskil,gate_loss,cifar10n:worse,0.4,4,0.7666666666666666,0.5460750853242321,0.7685672602149,293
cifar10n_taskil__c10n_worse__gate_loss__seed4,cifar10n_taskil,gate_loss,cifar10n:worse,0.4,4,0.8333333333333334,0.50920245398773,0.8345888306392483,326
cifar10n_taskil__c10n_worse__gate_loss__seed4,cifar10n_taskil,gate_loss,cifar10n:worse,0.4,4,0.9,0.5419847328244275,0.9046638867327275,524
cifar10n_taskil__c10n_worse__gate_loss__seed4,cifar10n_taskil,gate_loss,cifar10n:worse,0.4,4,0.9666666666666667,0.5872187805673297,0.9870033364829234,3067
cifar10n_taskil__c10n_worse__oracle__seed0,cifar10n_taskil,oracle,cifar10n:worse,0.4,0,0.03333333333333333,,,0
cifar10n_taskil__c10n_worse__oracle__seed0,cifar10n_taskil,oracle,cifar10n:worse,0.4,0,0.1,,,0
cifar10n_taskil__c10n_worse__oracle__seed0,cifar10n_taskil,oracle,cifar10n:worse,0.4,0,0.16666666666666669,,,0
cifar10n_taskil__c10n_worse__oracle__seed0,cifar10n_taskil,oracle,cifar10n:worse,0.4,0,0.23333333333333334,,,0
cifar10n_taskil__c10n_worse__oracle__seed0,cifar10n_taskil,oracle,cifar10n:worse,0.4,0,0.3,,,0
cifar10n_taskil__c10n_worse__oracle__seed0,cifar10n_taskil,oracle,cifar10n:worse,0.4,0,0.3666666666666667,,,0
cifar10n_taskil__c10n_worse__oracle__seed0,cifar10n_taskil,oracle,cifar10n:worse,0.4,0,0.43333333333333335,,,0
cifar10n_taskil__c10n_worse__oracle__seed0,cifar10n_taskil,oracle,cifar10n:worse,0.4,0,0.5,0.5168539325842697,0.5183200973473238,178
cifar10n_taskil__c10n_worse__oracle__seed0,cifar10n_taskil,oracle,cifar10n:worse,0.4,0,0.5666666666666667,0.51953125,0.5672108915168792,256
cifar10n_taskil__c10n_worse__oracle__seed0,cifar10n_taskil,oracle,cifar10n:worse,0.4,0,0.6333333333333333,0.5193548387096775,0.6343622488360251,310
cifar10n_taskil__c10n_worse__oracle__seed0,cifar10n_taskil,oracle,cifar10n:worse,0.4,0,0.7,0.6135593220338983,0.7005990824456942,295
cifar10n_taskil__c10n_worse__oracle__seed0,cifar10n_taskil,oracle,cifar10n:worse,0.4,0,0.7666666666666666,0.5626911314984709,0.7702823060732733,327
cifar10n_taskil__c10n_worse__oracle__seed0,cifar10n_taskil,oracle,cifar10n:worse,0.4,0,0.8333333333333334,0.6186666666666667,0.8340636925697327,375
cifar10n_taskil__c10n_worse__oracle__seed0,cifar10n_taskil,oracle,cifar10n:worse,0.4,0,0.9,0.6132264529058116,0.9035758733271597,499
cifar10n_taskil__c10n_worse__oracle__seed0,cifar10n_taskil,oracle,cifar10n:worse,0.4,0,0.9666666666666667,0.8148550724637681,0.9880842273218045,2760
cifar10n_taskil__c10n_worse__oracle__seed1,cifar10n_taskil,oracle,cifar10n:worse,0.393,1,0.03333333333333333,,,0
cifar10n_taskil__c10n_worse__oracle__seed1,cifar10n_taskil,oracle,cifar10n:worse,0.393,1,0.1,,,0
cifar10n_taskil__c10n_worse__oracle__seed1,cifar10n_taskil,oracle,cifar10n:worse,0.393,1,0.16666666666666669,,,0
cifar10n_taskil__c10n_worse__oracle__seed1,cifar10n_taskil,oracle,cifar10n:worse,0.393,1,0.23333333333333334,,,0
cifar10n_taskil__c10n_worse__oracle__seed1,cifar10n_taskil,oracle,cifar10n:worse,0.393,1,0.3,,,0
cifar10n_taskil__c10n_worse__oracle__seed1,cifar10n_taskil,oracle,cifar10n:worse,0.393,1,0.3666666666666667,,,0
cifar10n_taskil__c10n_worse__oracle__seed1,cifar10n_taskil,oracle,cifar10n:worse,0.393,1,0.43333333333333335,,,0
cifar10n_taskil__c10n_worse__oracle__seed1,cifar10n_taskil,oracle,cifar10n:worse,0.393,1,0.5,0.4954954954954955,0.5148741592158068,111
cifar10n_taskil__c10n_worse__oracle__seed1,cifar10n_taskil,oracle,cifar10n:worse,0.393,1,0.5666666666666667,0.45384615384615384,0.5677652817506057,260
cifar10n_taskil__c10n_worse__oracle__seed1,cifar10n_taskil,oracle,cifar10n:worse,0.393,1,0.6333333333333333,0.5252525252525253,0.6335929891075751,297
cifar10n_taskil__c10n_worse__oracle__seed1,cifar10n_taskil,oracle,cifar10n:worse,0.393,1,0.7,0.5753424657534246,0.7013869712205782,292
cifar10n_taskil__c10n_worse__oracle__seed1,cifar10n_taskil,oracle,cifar10n:worse,0.393,1,0.7666666666666666,0.5958702064896755,0.7656931901751718,339
cifar10n_taskil__c10n_worse__oracle__seed1,cifar10n_taskil,oracle,cifar10n:worse,0.393,1,0.8333333333333334,0.6180371352785146,0.8324740584396241,377
cifar10n_taskil__c10n_worse__oracle__seed1,cifar10n_taskil,oracle,cifar10n:worse,0.393,1,0.9,0.6794171220400729,0.9015864743995319,549
cifar10n_taskil__c10n_worse__oracle__seed1,cifar10n_taskil,oracle,cifar10n:worse,0.393,1,0.9666666666666667,0.8014414414414415,0.986802102853586,2775
cifar10n_taskil__c10n_worse__oracle__seed2,cifar10n_taskil,oracle,cifar10n:worse,0.402,2,0.03333333333333333,,,0
cifar10n_taskil__c10n_worse__oracle__seed2,cifar10n_taskil,oracle,cifar10n:worse,0.402,2,0.1,,,0
cifar10n_taskil__c10n_worse__oracle__seed2,cifar10n_taskil,oracle,cifar10n:worse,0.402,2,0.16666666666666669,,,0
cifar10n_taskil__c10n_worse__oracle__seed2,cifar10n_taskil,oracle,cifar10n:worse,0.402,2,0.23333333333333334,,,0
cifar10n_taskil__c10n_worse__oracle__seed2,cifar10n_taskil,oracle,cifar10n:worse,0.402,2,0.3,,,0
cifar10n_taskil__c10n_worse__oracle__seed2,cifar10n_taskil,oracle,cifar10n:worse,0.402,2,0.3666666666666667,,,0
cifar10n_taskil__c10n_worse__oracle__seed2,cifar10n_taskil,oracle,cifar10n:worse,0.402,2,0.43333333333333335,,,0
cifar10n_taskil__c10n_worse__oracle__seed2,cifar10n_taskil,oracle,cifar10n:worse,0.402,2,0.5,0.4968152866242038,0.5173299111378421,157
cifar10n_taskil__c10n_worse__oracle__seed2,cifar10n_taskil,oracle,cifar10n:worse,0.402,2,0.5666666666666667,0.5117647058823529,0.5658035110024845,340
cifar10n_taskil__c10n_worse__oracle__seed2,cifar10n_taskil,oracle,cifar10n:worse,0.402,2,0.6333333333333333,0.5290697674418605,0.6324102783272433,344
cifar10n_taskil__c10n_worse__oracle__seed2,cifar10n_taskil,oracle,cifar10n:worse,0.402,2,0.7,0.5121951219512195,0.6999489608697775,328
cifar10n_taskil__c10n_worse__oracle__seed2,cifar10n_taskil,oracle,cifar10n:worse,0.402,2,0.7666666666666666,0.591304347826087,0.7681083404499551,345
cifar10n_taskil__c10n_worse__oracle__seed2,cifar10n_taskil,oracle,cifar10n:worse,0.402,2,0.8333333333333334,0.6428571428571429,0.832713715766432,434
cifar10n_taskil__c10n_worse__oracle__seed2,cifar10n_taskil,oracle,cifar10n:worse,0.402,2,0.9,0.6387225548902196,0.9009228276159473,501
cifar10n_taskil__c10n_worse__oracle__seed2,cifar10n_taskil,oracle,cifar10n:worse,0.402,2,0.9666666666666667,0.8185025480203841,0.9874327357775181,2551
cifar10n_taskil__c10n_worse__oracle__seed3,cifar10n_taskil,oracle,cifar10n:worse,0.389,3,0.03333333333333333,,,0
cifar10n_taskil__c10n_worse__oracle__seed3,cifar10n_taskil,oracle,cifar10n:worse,0.389,3,0.1,,,0
cifar10n_taskil__c10n_worse__oracle__seed3,cifar10n_taskil,oracle,cifar10n:worse,0.389,3,0.16666666666666669,,,0
cifar10n_taskil__c10n_worse__oracle__seed3,cifar10n_taskil,oracle,cifar10n:worse,0.389,3,0.23333333333333334,,,0
cifar10n_taskil__c10n_worse__oracle__seed3,cifar10n_taskil,oracle,cifar10n:worse,0.389,3,0.3,,,0
cifar10n_taskil__c10n_worse__oracle__seed3,cifar10n_taskil,oracle,cifar10n:worse,0.389,3,0.3666666666666667,,,0
cifar10n_taskil__c10n_worse__oracle__seed3,cifar10n_taskil,oracle,cifar10n:worse,0.389,3,0.43333333333333335,,,0
cifar10n_taskil__c10n_worse__oracle__seed3,cifar10n_taskil,oracle,cifar10n:worse,0.389,3,0.5,0.5042735042735043,0.5178842941919962,117
cifar10n_taskil__c10n_worse__oracle__seed3,cifar10n_taskil,oracle,cifar10n:worse,0.389,3,0.5666666666666667,0.5151515151515151,0.5678268479126872,264
cifar10n_taskil__c10n_worse__oracle__seed3,cifar10n_taskil,oracle,cifar10n:worse,0.389,3,0.6333333333333333,0.6038461538461538,0.6342591278828107,260
cifar10n_taskil__c10n_worse__oracle__seed3,cifar10n_taskil,oracle,cifar10n:worse,0.389,3,0.7,0.5243445692883895,0.7008255918820699,267
cifar10n_taskil__c10n_worse__oracle__seed3,cifar10n_taskil,oracle,cifar10n:worse,0.389,3,0.7666666666666666,0.5962145110410094,0.7691761588072551,317
cifar10n_taskil__c10n_worse__oracle__seed3,cifar10n_taskil,oracle,cifar10n:worse,0.389,3,0.8333333333333334,0.5970149253731343,0.8334952401581095,402
cifar10n_taskil__c10n_worse__oracle__seed3,cifar10n_taskil,oracle,cifar10n:worse,0.389,3,0.9,0.6166077738515902,0.9030882387616188,566
cifar10n_taskil__c10n_worse__oracle__seed3,cifar10n_taskil,oracle,cifar10n:worse,0.389,3,0.9666666666666667,0.7719985749910937,0.9866367585726128,2807
cifar10n_taskil__c10n_worse__oracle__seed4,cifar10n_taskil,oracle,cifar10n:worse,0.4,4,0.03333333333333333,,,0
cifar10n_taskil__c10n_worse__oracle__seed4,cifar10n_taskil,oracle,cifar10n:worse,0.4,4,0.1,,,0
cifar10n_taskil__c10n_worse__oracle__seed4,cifar10n_taskil,oracle,cifar10n:worse,0.4,4,0.16666666666666669,,,0
cifar10n_taskil__c10n_worse__oracle__seed4,cifar10n_taskil,oracle,cifar10n:worse,0.4,4,0.23333333333333334,,,0
cifar10n_taskil__c10n_worse__oracle__seed4,cifar10n_taskil,oracle,cifar10n:worse,0.4,4,0.3,,,0
cifar10n_taskil__c10n_worse__oracle__seed4,cifar10n_taskil,oracle,cifar10n:worse,0.4,4,0.3666666666666667,,,0
cifar10n_taskil__c10n_worse__oracle__seed4,cifar10n_taskil,oracle,cifar10n:worse,0.4,4,0.43333333333333335,,,0
cifar10n_taskil__c10n_worse__oracle__seed4,cifar10n_taskil,oracle,cifar10n:worse,0.4,4,0.5,0.4409448818897638,0.5163742163049894,127
cifar10n_taskil__c10n_worse__oracle__seed4,cifar10n_taskil,oracle,cifar10n:worse,0.4,4,0.5666666666666667,0.508130081300813,0.5693790946549516,246
cifar10n_taskil__c10n_worse__oracle__seed4,cifar10n_taskil,oracle,cifar10n:worse,0.4,4,0.6333333333333333,0.49034749034749037,0.6343786286111044,259
cifar10n_taskil__c10n_worse__oracle__seed4,cifar10n_taskil,oracle,cifar10n:worse,0.4,4,0.7,0.6288659793814433,0.7025662842894748,291
cifar10n_taskil__c10n_worse__oracle__seed4,cifar10n_taskil,oracle,cifar10n:worse,0.4,4,0.7666666666666666,0.6637931034482759,0.766678411213831,348
cifar10n_taskil__c10n_worse__oracle__seed4,cifar10n_taskil,oracle,cifar10n:worse,0.4,4,0.8333333333333334,0.687793427230047,0.835214398556472,426
cifar10n_taskil__c10n_worse__oracle__seed4,cifar10n_taskil,oracle,cifar10n:worse,0.4,4,0.9,0.7109515260323159,0.9037468043863238,557
cifar10n_taskil__c10n_worse__oracle__seed4,cifar10n_taskil,oracle,cifar10n:worse,0.4,4,0.9666666666666667,0.8055353241077932,0.9852490264702607,2746
